create DATABASE eticaret;
Use eticaret ;

/*CREATE TABLE categories (
    category_Id INT PRIMARY KEY AUTO_INCREMENT,
    category_name VARCHAR(50)
);*/
   
/*INSERT INTO categories(category_Id,category_name)
Values
( 'Elektronik'),
('Giyim-Moda'),
('Ev ve Yaşam'),
('Bilgisayar ve Tablet'),
('Telefon ve Aksesuarlar'),
('Ayakkabı ve Çanta'),
('Beyaz Eşya'),
('Mobilya'),
('Kozmetik ve Kişisel Bakım'),
('Spor'),
('Otomobil ve Motorsiklet'),
('Anne ve Bebek'),
('Oyuncaklar'),
('Kitap, Film,Müzik'),
('Takı ve Aksesuar'),
('Saat'),
('Yiyecek ve İçecek'),
('Sağlık Ürünleri'),
('Ofis ve Kırtasiye'),
('Yapı ve Market'),
('Hobi ve Eğlence'),
('Hediyelik Eşya'),
('Seyahat ve Gezi'),
('Pet Shop'),
('Bahçe ve Balkon'),
('Sanat Koleksiyon'),
('Endüstriyel Ürünler'),
('Bebek Giyim'),
('Gözlük ve Lens'),
('Mücevher ve Değerli Taşlar');*/


/*CREATE TABLE urunler (
    urun_ID INT PRIMARY KEY AUTO_INCREMENT,
    name VARCHAR(100),
    description VARCHAR(200),
    category_Id INT,
    price INT,
    stockQuantity INT,
    FOREIGN KEY (category_Id) REFERENCES categories(category_Id)

);*/

/*INSERT INTO urunler(name,description,category_Id,price,stockQuantity)
Values
('Akıllı Telefon', '128GB,6.5 inch ekran',1, 28000,300),
('Tablet', '10 inch, 64 GB hafıza',1, 14000,70),
('Televizyon', '55 inch 4K UHD',1, 12000,35),
('Dizüstü Bilgisayar', '16 GB RAM, 512 GB SSD',1,15000,300),
('Oyuncu Bilgisayarı', '32GB RAM,1TB SSD',1, 35000,28),
('Bluetooth Kulaklık', 'Gürültü önleyici özellikli',1, 3000,500),
('Oyun Konsolu', '1 TB depolama',1, 7500,300),
('Akıllı Saat', ' Nabız ölçer ve GPS özellikli',1, 2580,75),
('Fotoğraf Makinesi', '24 MP çözünürlük',1, 3200,215),
('Powerbank', '10,000 mAh kapasite',1, 750,225),
('Drone', '4K kamera özellikli',1, 9500,35),
('Oyuncu Kulaklığı', 'Ultra Gürültü Engelleyici',1, 3700,87),
('Akıllı Bileklik', 'Su Geçirmez',1, 4580,30),
('E-kitap okuyucu', '24 Saate Kadar Şarj',1, 1300,28),
('USB', '32 GB Hafıza',1, 500,680),
('Kablosuz Şarj Cihazı', '1000mA Batarya',1, 6542,74),
('VR Gözlük', 'Optik Lens Destekli',1, 6820,3),
('Oyuncu Klavyesi', 'Mekanik RGB Işıklı',1, 4620,28),
('Kot Pantolon ', 'Slim fit, mavi renk',2, 800,60),
('T-shirt', 'Pamuklu',2, 350,500),
('Elbise', 'Midi boy,çiçek desenli',2, 650,60),
('Ceket ', 'Klasik kesim,siyah renk',2, 590,25),
('Kadın İç Çamaşırı','Pamuklu',2, 200,260),
('Sweatshirt','Kapüşonlu, gri renk',2, 450,600),
('Spor Ayakkabı','Nefes alabilir malzeme',2, 1200,65),
('Gömlek','Keten, beyaz renk',2, 300,52),
('Etek','Pileli, kırmızı renk',2, 125,65),
('Mont','Su geçirmez, kışlık',2, 1500,80),
('Şapka','Yünlü,Kışlık',2, 75,120),
('Erkek İç Çamaşırı','Pamuklu',2, 200,43),
('Kadın Mom Jean', 'Bol Kesim Jean',2, 700,65),
('Kot Ceket','Sonbahara Uygun',2, 490,45),
('Kumaş Pantolon','Rahat Kesim',2, 685,52),
('Koltuk','3 kişilik, gri renk',3, 8000,52),
('Yemek Masası','6 kişilik, ahşap',3, 2800,67),
('Yatak','Çift kişilik, ortopedik',3, 4900,7),
('Halı','200x300 cm, desenli',3, 800,41),
('Buzdolabı','300 L kapasite',3, 7600,20),
('Fırın','Ankastre, 60 cm',3, 3000,25),
('Çamaşır Makinesi',' 9 kg kapasite',3, 9800,14),
('Mikrodalga Fırın','Dijital kontrol paneli',3, 2700,12),
('Aydınlatma','Modern avize, LED',3, 2000,47),
('Kitaplık',' 5 raflı, beyaz renk',3, 900,35),
('Şifonyer','5 Bölmeli',3, 700,530),
('Ayna','Boy Aynası',3, 800,45),
('Perde','150x250 cm, blackout özelliği',3, 780,625),
('Kanepe','Yatak olabilen, mor renk',3, 1450,28),
('Küçük Mutfak Robotu','Çok fonksiyonlu, 600W motor gücü',3, 490,45),
('Sandalye','Deri kaplama',3, 300,420),
('Yatak Örtüsü','Çift kişilik, pamuklu',3, 500,28),
('Masa','Şık 8 Kişilik',3, 1600,26),
('Priz','4lü',3, 250,69),
('Köşe Takımı','L şeklinde, bej renk',3, 4000,30),
('Masa Lambası','Ayaklı, dimmerli LED',3,1500 ,572),
('Masaüstü Bilgisayar', 'i7 işlemci, 16 GB RAM', 4, 4200, 60),
('Oyun Monitörü', '144 Hz, 27 inch', 4, 7350, 61),
('Klavye', 'Mekanik, RGB ışıklı', 4, 760, 32),
('Fare', 'Kablosuz, oyun için tasarlanmış', 4, 400, 73),
('Harici Disk', '2 TB', 4, 1500, 65),
('USB Bellek', '64 GB, USB 3.0', 4, 320, 17),
('Grafik Tablet', '8192 basınç seviyesi', 4, 2400, 91),
('Webcam', 'HD 1080p çözünürlük', 4, 965, 15),
('Kulaklık', 'Oyuncu kulaklığı, mikrofonlu', 4, 1643, 28),
('Bilgisayar Çantası', '15.6 inch laptop uyumlu', 4, 620, 14),
('Yazıcı', 'Renkli lazer, Wi-Fi bağlantılı', 4, 2000, 642),
('Harici Disk', '2 TB, USB 3.0', 4, 2457, 245),
('USB Bellek', '32 GB, USB 3.0', 4, 850, 114),
('Web Kamerası', '1080p HD, USB bağlantılı', 4, 5240, 55),
('Masaüstü Monitör', '24 inch, Full HD', 4, 1642, 642),
('Tablet Kılıfı', 'Deri, manyetik kapama', 4, 1470, 20),
('Kablolu Fare', 'Ergonomik tasarım, 6 buton', 4, 150, 25),
('İnternet Modemi', '4G LTE, çift band', 4, 4270, 55),
('Akıllı Telefon Kılıfı', 'Şeffaf silikon, ekran koruyucu', 5, 65, 25),
('Şarj Kablosu', 'USB-C, hızlı şarj destekl', 5, 80, 60),
('Bluetooth Kulaklık ', 'Kablosuz, 10 metre menzil', 5, 3200, 10),
('Powerbank', '20,000 mAh kapasite, hızlı şarj destekli', 5, 650, 51),
('Telefon Standı', 'Ayarlanabilir, katlanabilir', 5, 25, 17),
('Kulaklık Adaptörü', '3.5mm, USB-C dönüşüm', 5, 220, 120),
('Telefon Camı', 'Koruyucu cam, kırılmaz', 5, 199, 58),
('Araç Şarj Cihazı', 'Çift USB portlu, 12V uyumlu', 5, 35, 60),
('Telefon Temizleme Kiti', 'Ekran temizleme spreyi ve mikrofiber bez', 5, 60,45 ),
('Kablosuz Şarj Cihazı ', '15W hızlı şarj destekli, uyumlu pad', 5, 1700, 13),
('Koşu Ayakkabısı ', 'Hafif, nefes alabilir malzeme', 6, 1199, 62),
('Derby Ayakkabı', 'Siyah deri, klasik kesim', 6, 2659, 41),
('Spor Bot', 'Su geçirmez, yastıklı taban', 6, 750, 36),
('Topuklu Ayakkabı', 'Siyah, 8 cm topuk', 6, 600, 19),
('Sneaker ', 'Beyaz, rahat taban', 6, 690, 2),
('Kadın El Çantası  ', 'Şehir stili, deri, kırmızı', 6, 450, 57),
('Sırt Çantası ', 'Günlük kullanım için, gri renk, çok gözlü', 6, 230, 17),
('Omuz Çantası ', 'Klasik tasarım, kahverengi deri', 6, 497, 52),
('Laptop Çantası  ', '15.6 inch uyumlu, koruyucu pedli', 6, 400, 14),
('Babet Ayakkabı ', 'Rahat, puantiyeli', 6, 360, 41),
('Bot ', 'Kışlık, yalıtımlı iç taban', 6, 820, 10),
('Çapraz Çanta ', ' Çantada telefon bölmesi, siyah', 6, 470, 16),
('Buzdolabı', '300 L kapasiteli, çift kapılı', 7, 3200, 25),
('Çamaşır Makinesi','9 kg kapasite, otomatık', 7, 4500, 30),
('Bulaşık Makinesi', '12 kişilik, enerji verimli', 7, 3500, 20),
('Fırın', '90 L genişlik, ankastre', 7, 2500, 15),
('Kurutma Makinesi', '7 kg kapasite, elektronik kontrol', 7, 5500, 10),
('Ocak', '4 gözlü, gazlı', 7, 1800, 35),
('Kahve Makinesi', 'Kapsül türü, otomatik açma', 7, 800, 50),
('Elektrikli Süpürge', 'Siklonik, yüksek emiş gücü', 7, 1500, 25),
('Su Isıtıcı', '1.7 L kapasiteli, hızlı ısınma', 7, 200, 60),
('Koltuk Takımı', 'Gri, 3+2+1 koltuk, modern tasarım, kumaş kaplama', 8, 3500, 20),
('Yatak Odası Takımı', 'Çift kişilik, beyaz, ahşap, gömme dolaplı', 8, 6000, 15),
('Yemek Masası', '6 kişilik, ahşap, yuvarlak, kapsamlı masif', 8, 2500, 25),
('Çalışma Masası', 'Küçük, kahverengi, ahşap, çekmeceli', 8, 800, 30),
('Kitaplık', '5 raflı, beyaz, modüler, demir ve ahşap karışımı', 8, 1200, 22),
('Şifonyer', '4 çekmeceli, gri, ahşap, şık tasarım', 8, 1500, 18),
('Komodin', '2 çekmeceli, beyaz, modern, masif ahşap', 8, 500, 40),
('Sandalyeler', 'Koltuk odası için, gri, ergonomik, döner ayak', 8, 250, 50),
('Gardırop', '3 kapaklı, beyaz, sürgülü, ahşap kaplama', 8, 2200, 10),
('TV Ünitesi', 'Ahşap, 3 raflı, beyaz, modüler tasarım', 8, 800, 35),
('Açılır Masa', 'Küçük, ahşap, 2 katmanlı, açılabilir', 8, 950, 28),
('Puf', 'Küçük, yeşil, kumaş kaplama, göz yumuşak', 8, 350, 42),
('Köşe Takımı', 'L şeklinde, bej, deri, çok fonksiyonlu', 8,   4000, 12),
('Ayak Yastığı', 'Kare, mavi, kumaş kaplama, konforlu', 8, 200, 50),
('Masa Lambası', 'Modern tasarım, metal, aydınlatmalı, ayarlanabilir', 8, 300, 45),
('Nemlendirici Krem', 'Yoğun nemlendirme.', 9, 98, 12),
('Şampuan', 'Derin temizlik.', 9, 123, 61),
('Ruj', 'Canlı Renkler', 9, 67, 3),
('Fondöten ', 'Pürüzsüz görünüm', 9, 350, 40),
('Parfüm ', 'Kalıcı koku', 9, 620, 17),
('Deodorant', 'Ter kokusuna son', 9, 210, 19),
('Yüz Serumu ', 'Parlak cilt', 9, 620, 10),
('Göz Kremi', 'Kırışıklık karşıtı.', 9, 175, 31),
('Vücut Losyonu', 'İpeksi dokunuş', 9,69, 22),
('Ağda', 'Pürüzsüz cilt', 9, 220, 17),
('Maskara', 'Yoğun kirpikler', 9, NULL, 10),
('Allık', 'Doğal renk', 9, 190, NULL),
('Dudak Lipbalm', 'Nemli Dudaklar', 9, 99, 19),
('El Kremi', 'Yumuşak Eller', 9, 123, 23),
('Güneş Kremi', 'Uv Koruması', 9, 475, NULL),
('Koşu Ayakkabısı', 'Hafif ve Dayanıklı', 10, 2760, 15),
('Yoga Matı ', 'Kaymaz yüzey.', 10, 620, 14),
('Ağırlık Seti', 'Kas geliştirme.', 10, 4750, NULL),
('Spor Taytı ', ' Esnek kuma', 10, 428, 28),
('Dizlik', 'Ekstra koruma.', 10, 2000, 430),
('Spor Çantası', 'Geniş iç hacim', 10, 290, 17),
('Protein Tozu', 'Kas onarımı', 10, 2800, 3),
('Lastik', 'Yüksek Performans',11, 2600, 42),
('Motor Yağı', 'Üstün Koruma', 11,2900,2),
('Far Ampülü', 'Parlak Aydınlatma', 11, NULL, 23),
('Hava Filtresi', 'Temiz Hava Akışı', 11, 158, 39),
('Fren Balatası', 'Güvenli Duruş', 11, 1580, 80),
('Egzoz Sistemi', 'Güçlü Ses', 11, 2560, 52),
('Motosiklet Kaskı', 'Maksimum Güvenlik', 11, 1959, 65),
('Oto Koltuk Kılıfı', 'Şık Koruma', 11, 200, 47),
('Araç Şarj Cihazı', 'Hızlı Şarj', 11, 630, 10)
('Bebek Bezi', 'Sızdırmaz Koruma', 12, 163,22),
('Emzirme Yastığı', 'Rahat Destek', 12, 136, 47),
('Bebek Arabası', 'Konforlu Taşıma', 12, 1668.25, 17),
('Bebek Şampuanı', 'Hassas Temizlik', 12, 49, 20),
('Göğüs Pompası', 'Kolay Süt Sağımı', 12, 86.13, 103),
('Mama Sandalyesi', 'Güvenli Beslenme', 12, 321, 20),
('Bebek Tulumu', 'Yumuşak Dokunuş', 12, 200, 520),
('Anne Çantası', 'Pratik Kullanım', 12, 130, 7),
('Bebek Battaniyesi', 'Sıcak Tutar', 12, NULL, NULL),
('Biberon', 'Kolay Besleme', 12, 63, 76),
('Bebek Bezi Çantası', 'Pratik Taşıma', 12, 94, 9),
('Bebek Telsizi', 'Güvenli Takip', 12, 1423, 34),
('Emzik', 'Rahatlatıcı', 12, 38, 36),
('Bebek Bezi Islak Mendil', 'Yumuşak Dokunuş', 12, 20, 10),
('Bebek Yatağı', 'Konforlu Uyku', 12, 3000, 10),
('Bebek Havlusu', 'Yumuşak Kurutma', 12, 75, 13),
('Göğüs Pedi', 'Sızdırmaz Koruma', 12, 64, 200),
('Bebek Oyuncağı', 'Eğlenceli Oyun', 12, 15, 5),
('Bebek Banyo Küveti', 'Güvenli Banyo', 12, 300, 22),
('Yumuşak Peluş Ayı', 'Sevimli ve Rahat', 13, 78, NULL),
('Ahşap Yapboz', 'Zihinsel Gelişim', 13, 39, 15),
('Legolar', 'Yaratıcı İnşaat', 13, 43, 63),
('Eğitici Kitap', 'Öğretici İçerik', 13, 22, 41),
('Sesli Araba', 'Eğlenceli Ses Efektleri', 13, 64, 52),
('Roman', 'Derin Anlatım', 14, 132, 26),
('Kısa Hikaye', 'Kapsamlı Öykü', 14, 130, 22),
('Biyografi', 'Hayat Hikayesi', 14, 190, 2),
('Bilim Kurgu Kitabı', 'Gelecek Teması', 14, 164, 1),
('Şiir Kitabı', 'Duygusal İfadeler', 14, 120, 70),
('Klasik Edebiyat', 'Zamanın Testine Dayanmış', 14, 132, 42),
('Çocuk Kitabı', 'Eğlenceli ver Öğretici', 14, 65, 15),
('Psikoloji Kitabı', 'Zihinsel Analiz', 14, 149, 50),
('Belgesel Film', 'Gerçek Hikayeler', 14, 167, 24),
('Aksiyon Filmi', 'Hızlı Tempolu', 14, 150, 45),
('Romantik Film', 'Aşk Temalı', 14, 142, 20),
('Bilim Kurgu Filmi', 'Gelecekte Geçen', 14, NULL, NULL),
('Dram Filmi', 'Duygusal anlatım', 14, 140, 52),
('Animasyon Filmi', 'Renkli ve Eğlenceli', 14,75, 25),
('Pop Albümü', 'Hit Şarkılar', 14,210, 26),
('Rock Albümü', 'Enerjik Melodiler', 14, 169, 20),
('Caz Albümü', 'Ruhsal Dokunuş', 14, 190, 42),
('Klasik Müzik', 'Zengin Müzik', 14,100, 30),
('Elektronik Müzik', 'Modern Ritimler', 14, 168, 35),
('Folk Müzik', 'Geleneksel Melodiler', 14, 60, 3),
('Soundtrack', 'Film Müziği', 14, 170, 45),
('Şiir CDsi', 'Sesli Şiir Okumaları', 14, 186, 32),
('Kolye', 'Şık Detay', 15, 2700, 3),
('Bilezik', 'Zarif Tasarım', 15, 5499, 12),
('Yüzük', 'Özel Anlar İçin', 15, 1900, 7),
('Küpe', 'Göz Alıcı Aksesuar', 15, 2700, 20),
('Saat', 'Şık ve Fonksiyonel', 15, 6000, 3),
('Broş', 'Klasik Süsleme', 15, 760, 6),
('Kemer', 'Şıklık ve Destek', 15, 100, 20),
('Gözlük', 'Moda ve Koruma', 15, 400, 42),
('Şapka', 'Stil ve Koruma', 15, 190, 42),
('Çanta', 'Fonksiyonel ve Şıj', 15, 2000, 16),
('Fular', 'Şık Dokunuş', 15, 63, 20),
('Analog Saat', 'Klasik Tasarım ve zarif gösterim', 16, 1506, 3),
('Pizza', 'Peynirli ve Bol Malzemeli', 17, 167, NULL),
('Sushi', 'Taze ve sağlıklı', 17, 165, 3),
('Burger', 'Lezzetli Köfte', 17, 145, 10),
('Makarna', 'Çeşitli Soslarla', 17, 110, 14),
('Sandviç', 'Pratik ve Doyurucu', 17, 55, 20),
('Salata', 'Taze ve Hafif', 17, 67, 21),
('Çorba', 'Besleyici', 17, 40, 15),
('Tatlı', 'Tatlı ve kremalı', 17, 45, 20),
('Kahvaltılık Gevrek', 'Enerji verici', 17, 55, 30),
('Kızartma', 'Kızarmış Patates', 17, 28, 5),
('Soda', 'Ferahlatıcı içecek', 17, 15, 200),
('Meyve Suyu', 'Doğal Tat', 17, 10, 60),
('200 adet sallama Çay', 'Geleneksel içecek', 17, 250, 50),
('Kahve', 'Enerji Arttırıcı', 17, 20, 41),
('Smoothie', 'Meyve ve Yoğurt', 17, 100, 40),
('Bira', 'Hafif alkol', 17, 150, 30),
('Şarap', 'Zarif ve Romantik', 17, 280, 12),
('Enerji İçeceği', 'Canlandırıcı', 17, 50, 10),
('Kola', 'Tatlı ve gazlı', 17, 45, 17),
('Süt', 'Besleyici ve taze', 17, 15, 30),
('Şekerleme', 'Tatlı ve renkli', 17, 8, 50),
('Buzlu Çay', 'Serinletici içecek', 17, 22, 20),
('Su', '7.0 pH', 17, 5, 200),
('Vitamin Takviyesi', 'Besin Desteği', 18, 120, 20),
('Ağrı Kesici', 'Rahatlatıcı Etki', 18, 55, 10),
('Sıcak Su Torbası', 'Kas Gevşetici', 18, 78, 22),
('Termometre', 'Ateş Ölçümü', 18, 43, 11),
('Kan Şekeri Ölçer', 'Diyabet Kontrolü', 18, 69, 13),
('Tansiyon Aleti', 'Kan Basıncı Ölçümü', 18, 100, 20),
('Antiseptik Solisyon', 'Mikropları Yoketme', 18, 200, 3),
('Burun Spreyi', 'Tıkanıklık Giderici', 18, 36, 39),
('İlaç Kutusu', 'Düzenli İlaç Kullanımı', 18, 20, 60),
('Yara Bandı', 'Küçük Yaralar İçin', 18, 10, 2),
('Göz Damlası', 'Göz Rahatsızlıkları İçin', 18, 48, 31),
('Yatak Yastığı', 'Konfor Arttırıcı', 18, 100, 99),
('Sırt Masaj Aleti', 'Kas Gevşetici', 18, 100, 3),
('Not Defteri', 'Günlük notlar', 19, 32, 150),
('Mürekkep Kalem', ' Akıcı yazım', 19, NULL, NULL),
('Jel Kalem', 'Renkli ve pürüzsüz', 19, 26, 15),
('Yazıcı Kağıt', 'Yüksek kaliteli', 19, 90, 10),
('Klasör', 'Belgeleri düzenler', 19, 20, 7),
('Küçük Not Kağıdı', 'Hızlı notlar', 19, 35, 25),
('Zımba Makinesi', 'Kağıtları birleştirir', 19, 40, 21),
('Yapıştırıcı', 'Kalıcı tutuş', 19, 20, 12),
('Kuru Silah Kalem', 'Tekrar kullanılabilir', 19, 21, 30),
('Telifler', 'Çeşitli boyutlarda', 19, 80, 2),
('Masa Lambası', 'Aydınlatıcı ve şık', 19, 50, 22),
('Ofis Sandalyesi', 'Rahat oturum', 19, 250, 60),
('Renkli Kalem Seti', 'Yaratıcı çalışmalar', 19, 60, 9),
('Defter', 'Proje notları için.', 19, 72, 7),
('Yazı Tahtası', 'Bilgileri hızlıca yazın', 19, 160, 6),
('Faturatör', 'Profesyonel belgeler için', 19, 15, 30),
('İnşaat Boyası', 'Dış ve İç Mekanlar için', 20, 320, 5),
('Seramik Korolar', 'Zemin ve Duvar Kaplama', 20, 160, 6),
('Alçıpan', 'Duvar ve Tavan Uygulamalrında', 20, 150, 60),
('Elektrik Bandı', 'İzolasyon ve Korumalarda', 20, 210, 70),
('Temizlik Ürünü', 'Yüzey Temizliği', 20, 60, 52),
('Gıda Saklama Kabı', 'Taze Tutma', 20, 20, 3),
('Minyatür Arabalar', 'Koleksiyon Eğlence', 21, 15, 3),
('Puzzle', 'Zihinsel Egzersiz', 21, 150, 31),
('Sanat Boyaları', 'Resim Yapma', 21, 43, 36),
('Kareoke Mikrofonu', 'Şarkı Söyleme', 21,160, 60),
('Müzik Aleti', 'Öğrenme ve Performans', 21, 50, 9),
('Satranç Takımı', 'Streteji Oyunu', 21, 173, 20),
('Dikiş Makinesi', 'El işi Projeleri', 21, 1500, 2),
('El yapımı Kitleri', 'Kendi Projelerini Oluşturma', 21, 190, 20),
('Hobi El Aletleri', 'DIY projeleri', 21, 63, 5),
('Yüzme Seti', 'Su Sporları', 21, 1896, 56),
('Kamp Ekipmanı', 'Açık Hava Maceraları', 21, 3960, 7),
('Fotoğraf Makinesi', 'Anı Yakalama', 21, 600, 70),
('Dergi Aboneliği', 'İlgi Alanlarına Yönelme', 21, 120,11),
('Kişisel Anahtarlık', 'Özel Tasarım', 22, 60, 23),
('El Yapımı Çerçeve', 'Fotoğraf Saklama', 22, 120, 17),
('Kupa Bardak', 'Özelleştirilebilir', 22, 130, 20),
('-Bilinmiyor-', '-Bilinmiyor-', 23, NULL, NULL),
('Kedi Kumu', 'Temiz Kokusuz', 24, 200, 18),
('Köpek Mama Kabı', 'Dayanıklı Malzeme', 24, 62, 13),
('Köpek Maması', 'Besleyici ve Dengeli', 24, 160, 20),
('Kedi Tüy Tarayıcı', 'Kolay Tüy Bakımı', 24, 67, 13),
('Köpek Yatağı', 'Rahat Uyku Alanı', 24, 190, 9),
('Kedi Tırmalama Tahtası', 'Tırmalama', 24, 66 ,31),
('Köpek Koşu Kayışı', 'Güvenli Yürüyüş', 24, 120, 17),
('Kedi Oyuncağı', 'Eğlenceli Vakit Geçirme', 24, 18, 30),
('Köpek Bandanası', 'Şık ve Rahat', 24, 33, 52),
('Kedi Kafesi', 'Güvenli Taşıma', 24, 220, 17),
('Köpek Şampuanı', 'Hassas Cilt İçin', 24, 70, 70),
('Kedi Sağlık Ürünleri', 'Vitamin ve takviye', 24, 96, 14),
('Köpek Eğitim Aleti', 'Eğitim ve Disiplin', 24, 86, 21),
('Çiçek Saksıları', 'Bitki Yetiştirme', 25, 18, 20),
('Bahçe Mobilyası', 'Rahat Oturum Alanı', 25, 211, 33),
('Güneş Şemsiyesi', 'Gölgelendirme', 25, 200, 6),
('Fıskiye Sistemi', 'Bahçe Sulama', 25, 1200, 30),
('Balkon Panjuru', 'Mahremiyet Sağlama', 25, 1862, 15),
('Tablo', 'Duvar Dekorasyonu', 26, 150, 14),
('Heykel', 'Üç Boyutlu Sanat Eseri', 26, 270, 2),
('Antika Eserler', 'Tarihi Değer', 26, 1900, 3),
('Yazılı El Yazmaları', 'Tarihi Belgeler', 26, 1800, 1),
('Seramik Vazo', 'Estetik ve İşlevsel', 26, 200, 18),
('Desen Koleksiyonu', 'Grafik Sanatlar', 26, 200, 18),
('Koleksiyon Kartpostalları', 'Tarihi görüntüler', 26, 200, 18),
('Çizim Eserleri', 'Sanat Çizimleri', 26, 200, 18),
('Fotoğraf Koleksiyonu', 'Tarihi anlar', 26, 200, 18),
('Sanat Kitapları', 'Sanat ve Tarihi Teknikler', 26, 200, 18),
('Dijital Sanat', 'Modern Teknoloji Kullanımı', 26, 200, 18),
('Yaprak Baskıları', 'Doğal Desenler', 26, 200, 18),
('Endüstriyel Robot', 'Otomatik Üretim', 27, 200, 18),
('Boru Hattı', 'Akışkan Taşıma', 27, NULL, NULL),
('Hidrolik Pres', 'Malzemede Şekillendirme', 27, NULL, NULL),
('Bebek zıbını', 'Yumuşak ve Rahat', 28, 131, 12),
('Patikli Tulum', 'Soğuk Havalar için', 28, 163, 6),
('Bebek Şapkası', 'Baş Koruması', 28, 67.25, 3),
('Bebek Çorapları', 'Küçük ve sıcak tutucu', 28, 25.99, 14),
('Bebek Eldiveni', 'El koruyucu', 28, 33.25, 14),
('Body', 'Günlük Giyim için', 28, 75, 65),
('Uyku Tulumu', 'Rahat Uyku', 28, 169.90, 14),
('Bebek Yeleği', 'Ekstra Sıcaklık', 28, 170, 50),
('Bebek Pantolonu', 'Esnek ve rahat', 28, 90.85, 17),
('Bebek Eşofmanı', 'Rahat giyim', 28, 100.90, 13),
('Bebek Önlüğü', 'Yemek Koruyucusu', 28, 85.88, 70),
('Bebek Hırkası', 'Ekstra Katman', 28, 140, 33),
('Güneş Gözlüğü', 'UV koruması', 29, 200, 18),
('Miyop Gözlüğü', 'Net Görüş', 29, 200, 18),
('Renkli Kontakt Lens', 'Estetik Değişim', 29, 200, 18),
('Gözlük Temizleme Spreyi', 'Temiz ve parlak camlar', 29, 200, 18),
('Gözlük Kılıfı', 'Güvenli Saklama', 29, 200, 18),
('Pırlanta Yüzük', 'Zarif ve Değerli', 30, 6999.90, 3),
('Zümrüt Kolye', 'Parlak ve Yeşil taş', 30, 12000, 5),
('Safir Küpe', 'Derin ve mavi tonlar', 30, 18000, 2),
('Yakut Bilezik', 'Canlı kırmızı taş', 30, 22000, 1),
('Elmas Gerdanlık', 'Lüks ve göz alıcı', 30, 10000, 0),
('İnci Bileklil', 'Klasik ve şık', 30, 8999.90, 3),
('Ametist Yüzük', 'Morun zarafeti', 30, 5000, 4),
('Topaz Bronş', 'Renkli taş detaylar', 30, 200, 7);*/




   /*CREATE TABLE customer (
      customer_Id INT PRIMARY KEY  AUTO_INCREMENT,
	  first_name varchar(50),
      last_name varchar(50),
      email varchar(100),
      phone_number varchar(20)
   );*/
   
   /*INSERT INTO customer(first_name,last_name,email,phone_number)
    Values
   ('Ahmet','Yılmaz' ,'ahmet_12@gmail.com','90 555 123 4567'),
   ('Ahmet','Yılmaz', 'ahmet.yilmaz@example.com ','05459652354'),
   ('Mehmet','Demir', 'mehmet.demir@test.com','+90 555 345 6789'),
   ('Fatma','Çelik' ,'fatma.celik@demo.com','+90 555 456 7890'),
   ('Ali','Şahin' ,'ali.sahin@example.com','+90 555 567 8901'),
   ('Elif','Öztürk', 'elif.ozturk@mail.com','+90 555 567 8901'),
   ('Hakan','Aydın' ,' hakan.aydin@test.com','+90 555 678 9012'),
   ('Zeynep','Kurt' ,'zeynep.kurt@demo.com','+90 555 890 1234'),
   ('Murat','Koç' ,'murat.koc@example.com','+90 555 901 2345'),
   ('Emine','Arslan' ,'emine.arslan@mail.com','+90 555 012 3456'),
   ('Ahmet','Yıldırım', 'ahmet.yildirim@example.com ','+90 555 123 4568'),
   ('Ayşe','Özkan', 'ayse.ozkan@mail.com','+90 555 234 5679'),
   ('Mehmet','Korkmaz' ,'mehmet.korkmaz@test.com','+90 555 345 6780'),
   ('Fatma','Ekinci' ,'fatma.ekinci@demo.com ','+90 555 456 7891'),
   ('Ali','Güler' ,'ali.guler@example.com','+90 555 567 8902'),
   ('Elif','Demirbaş', 'elif.demirtas@mail.com','+90 555 678 9013'),
   ('Hakan','Yavuz', 'hakan.yavuz@test.com ',' +90 555 789 0124'),
   ('Zeynep','Uysal', 'zeynep.uysal@demo.com ','+90 555 789 0124'),
   ('Murat','Aksoy' ,'murat.aksoy@example.com ','+90 555 890 1235'),
   ('Emine','Keskin' ,'emine.keskin@mail.com','+90 555 012 3457'),
   
   ('Ahmet','Karaca', 'ahmet.karaca@example.com','+90 555 234 4567'),
   ('Ayşe','Kılıç' ,'ayse.kilic@mail.com','+90 555 345 5678'),
   ('Mehmet','Koçak' ,'mehmet.kocak@test.com','+90 555 456 6789'),
   ('Anıl Deniz','Yıldız' ,'anıl22.deniz@demo.com','+905459652354'),
   ('Fatma','Yıldız' ,'fatma.yildiz@demo.com','+90 555 567 7890'),
   ('Ali','Çetinkaya' ,'ali.cetin@example.com','+90 555 678 8901'),
   ('Elif','Korkmaz' ,' elif.korkmaz@mail.com','+90 555 789 9012'),
   ('Hakan','Polat', 'hakan.polat@test.com',' +90 555 890 0123'),
   ('Zeynep','Akgül', 'zeynep.akgul@demo.com','+90 555 901 1234'),
   ('Murat','Can' ,'murat.can@example.com','+90 555 012 2345'),
   ('Emine','Güneş' ,'emine.gunes@mail.com','+90 555 123 3456'),
   ('Alanur','Özen', ' alanur.özen@example.com','+90 555 234 4568'),
   ('Mehmet','Akın', 'mehmet.akin@test.com','+90 555 345 5679'),
   ('Fatma','Kaya' ,' fatma.kaya@demo.com','+90 555 567 7891'),
   ('Ali','Demir', 'ali.demir@example.com','+90 555 678 8902'),
   ('Elif','Şahin' ,'elif.sahin@mail.com','+90 555 789 9013'),
('Hakan','Demirci', 'hakan.demirci@test.com ','+90 555 890 0124'),
('Zeynep','Bozkurt', 'zeynep.bozkurt@demo.com',' +90 555 901 1235'),
('Murat','Erdem' ,'murat.erdem@example.com','+90 555 012 2346'),
('Emine','Aksoy' ,'emine.aksoy@mail.com','+90 555 123 3457'),
('Ahmet', 'Yılmaz', 'ahmet.yilmaz@example.com', '+905551234567'),
('Ayşe', 'Demir', 'ayse.demir@example.com', '+905552345678'),
('Mehmet', 'Çelik', 'mehmet.celik@example.com', '+905553456789'),
('Fatma', 'Kaya', 'fatma.kaya@example.com', '+905554567890'),
('Ali', 'Koç', 'ali.koc@example.com', '+905555678901'),
('Zeynep', 'Aydın', 'zeynep.aydin@example.com', '+905556789012'),
('Murat', 'Tekin', 'murat.tekin@example.com', '+905557890123'),
('Emine', 'Özdemir', 'emine.ozdemir@example.com', '+905558901234'),
('Canan', 'Akman', 'canan.akman@example.com', '+905559012345'),
('Ege', 'Yurt', 'ege.yurt@example.com', '+905560123456'),
('Burak', 'Aslan', 'burak.aslan@example.com', '+905561234568'),
('Selin', 'Kaplan', 'selin.kaplan@example.com', '+905562345679'),
('Aliye', 'Kaya', 'aliye.kaya@example.com', '+905563456780'),
('Serkan', 'Kara', 'serkan.kara@example.com', '+905564567891'),
('Merve', 'Güneş', 'merve.gunes@example.com', '+905565678902'),
('Okan', 'Yalçın', 'okan.yalcin@example.com', '+905566789013'),
('Pelin', 'Şahin', 'pelin.sahin@example.com', '+905567890124'),
('Seda', 'Çetin', 'seda.cetin@example.com', '+905568901235'),
('Emre', 'Acar', 'emre.acar@example.com', '+905569012346'),
('Aylin', 'Korkmaz', 'aylin.korkmaz@example.com', '+905570123457'),
('Hakan', 'Yılmaz', 'hakan.yilmaz@example.com', '+905571234569'),
('Gülseren', 'Yılmaz', 'gulseren.yilmaz@example.com', '+905572345680'),
('Kaan', 'Tekin', 'kaan.tekin@example.com', '+905573456791'),
('Bahar', 'Karaca', 'bahar.karaca@example.com', '+905574567802'),
('Mehmet', 'Altun', 'mehmet.altun@example.com', '+905575678913'),
('Nisan', 'Yavuz', 'nisan.yavuz@example.com', '+905576789024'),
('Ercan', 'Yurt', 'ercan.yurt@example.com', '+905577890135'),
('Esra', 'Tuncer', 'esra.tuncer@example.com', '+905578902346'),
('Tolga', 'Baran', 'tolga.baran@example.com', '+905579013457'),
('Gizem', 'Kılıç', 'gizem.kilic@example.com', '+905580124568'),
('Berk', 'Yurt', 'berk.yurt@example.com', '+905561234567'),
('Seda', 'Öztürk', 'seda.ozturk@example.com', '+905562345678'),
('Ali', 'Çetin', 'ali.cetin@example.com', '+905563456789'),
('Mina', 'Arslan', 'mina.arslan@example.com', '+905564567890'),
('Emre', 'Yalçın', 'emre.yalcin@example.com', '+905565678901'),
('Zeynep', 'Kara', 'zeynep.kara@example.com', '+905566789012'),
('Can', 'Kaya', 'can.kaya@example.com', '+905567890123'),
('Elif', 'Güneş', 'elif.gunes@example.com', '+905568901234'),
('Burak', 'Aydın', 'burak.aydin@example.com', '+905569012345'),
('Meryem', 'Koç', 'meryem.koc@example.com', '+905570123456'),
('Cem', 'Yılmaz', 'cem.yilmaz@example.com', '+905571234567'),
('Ege', 'Tekin', 'ege.tekin@example.com', '+905572345678'),
('Nazan', 'Çelik', 'nazan.celik@example.com', '+905573456789'),
('Alper', 'Kara', 'alper.kara@example.com', '+905574567890'),
('Derya', 'Korkmaz', 'derya.korkmaz@example.com', '+905575678901'),
('Gökhan', 'Yurt', 'gokhan.yurt@example.com', '+905576789012'),
('Selin', 'Arslan', 'selin.arslan@example.com', '+905577890123'),
('Murat', 'Öztürk', 'murat.ozturk@example.com', '+905578901234'),
('Yasemin', 'Aydın', 'yasemin.aydin@example.com', '+905579012345'),
('Aydın', 'Yalçın', 'aydin.yalcin@example.com', '+905580123456'),
('Sibel', 'Güneş', 'sibel.gunes@example.com', '+905581234567'),
('Serkan', 'Koç', 'serkan.koc@example.com', '+905582345678'),
('Büşra', 'Kaya', 'busra.kaya@example.com', '+905583456789'),
('Kemal', 'Yılmaz', 'kemal.yilmaz@example.com', '+905584567890'),
('Ayla', 'Yurt', 'ayla.yurt@example.com', '+905585678901'),
('Okan', 'Arslan', 'okan.arslan@example.com', '+905586789012'),
('Gizem', 'Çelik', 'gizem.celik@example.com', '+905587890123'),
('Tolga', 'Öztürk', 'tolga.ozturk@example.com', '+905588901234'),
('Seda', 'Kara', 'seda.kara@example.com', '+905589012345'),
('Berk', 'Korkmaz', 'berk.korkmaz@example.com', '+905590123456'),
('Ayhan', 'Demirtaş', 'ayhan.demirtas@example.com', '+905591234567'),
('Gülcan', 'Kurt', 'gulcan.kurt@example.com', '+905592345678'),
('Levent', 'Berk', 'levent.berk@example.com', '+905593456789'),
('Sevgi', 'Okan', 'sevgi.okan@example.com', '+905594567890'),
('Serhat', 'Yılmaz', 'serhat.yilmaz@example.com', '+905595678901'),
('Nehir', 'Günay', 'nehir.gunay@example.com', '+905596789012'),
('Mert', 'Acar', 'mert.acar@example.com', '+905597890123'),
('Aysun', 'Yalçın', 'aysun.yalcin@example.com', '+905598901234'),
('Cengiz', 'Çetin', 'cengiz.cetin@example.com', '+905599012345'),
('Burcu', 'Kara', 'burcu.kara@example.com', '+905600123456'),
('Yavuz', 'Koç', 'yavuz.koc@example.com', '+905601234567'),
('Meltem', 'Öz', 'meltem.oz@example.com', '+905602345678'),
('Tarkan', 'Yurt', 'tarkan.yurt@example.com', '+905603456789'),
('Zeynep', 'Akman', 'zeynep.akman@example.com', '+905604567890'),
('Oya', 'Erdem', 'oya.erdem@example.com', '+905605678901'),
('Cemre', 'Güneş', 'cemre.gunes@example.com', '+905606789012'),
('Emrah', 'Tuna', 'emrah.tuna@example.com', '+905607890123'),
('Fatma', 'Arı', 'fatma.ari@example.com', '+905608901234'),
('Tolga', 'Aydın', 'tolga.aydin@example.com', '+905609012345'),
('Burak', 'Kurt', 'burak.kurt@example.com', '+905610123456'),
('Gizem', 'Demir', 'gizem.demir@example.com', '+905611234567'),
('Ali', 'Güner', 'ali.guner@example.com', '+905612345678'),
('Cansu', 'Çelik', 'cansu.celik@example.com', '+905613456789'),
('Emre', 'Kara', 'emre.kara@example.com', '+905614567890'),
('Meryem', 'Arslan', 'meryem.arslan@example.com', '+905615678901'),
('Kaan', 'Korkmaz', 'kaan.korkmaz@example.com', '+905616789012'),
('Seda', 'Ozan', 'seda.ozan@example.com', '+905617890123'),
('Ali', 'Tunalı', 'ali.tunali@example.com', '+905618901234'),
('Aylin', 'Koç', 'aylin.koc@example.com', '+905619012345'),
('Yusuf', 'Güneş', 'yusuf.gunes@example.com', '+905620123456'),
('John', 'Smith', 'john.smith@example.com', '+905621234567'),
('Maria', 'Garcia', 'maria.garcia@example.com', '+905622345678'),
('David', 'Johnson', 'david.johnson@example.com', '+905623456789'),
('Ana', 'Rodriguez', 'ana.rodriguez@example.com', '+905624567890'),
('Michael', 'Brown', 'michael.brown@example.com', '+905625678901'),
('Laura', 'Martinez', 'laura.martinez@example.com', '+905626789012'),
('James', 'Wilson', 'james.wilson@example.com', '+905627890123'),
('Sophia', 'Taylor', 'sophia.taylor@example.com', '+905628901234'),
('Robert', 'Davis', 'robert.davis@example.com', '+905629012345'),
('Olivia', 'Clark', 'olivia.clark@example.com', '+905630123456'),
('Nicolas', 'Dubois', 'nicolas.dubois@example.com', '+905631234567'),
('Chloe', 'Lefebvre', 'chloe.lefebvre@example.com', '+905632345678'),
('Daniel', 'Miller', 'daniel.miller@example.com', '+905633456789'),
('Isabella', 'Hernandez', 'isabella.hernandez@example.com', '+905634567890'),
('Ethan', 'Moore', 'ethan.moore@example.com', '+905635678901'),
('Mia', 'Parker', 'mia.parker@example.com', '+905636789012'),
('Liam', 'Taylor', 'liam.taylor@example.com', '+905637890123'),
('Emma', 'Wilson', 'emma.wilson@example.com', '+905638901234'),
('Lucas', 'Wright', 'lucas.wright@example.com', '+905639012345'),
('Harper', 'Anderson', 'harper.anderson@example.com', '+905640123456'),
('Hannah', 'Green', 'hannah.green@example.com', '+905641234567'),
('Oliver', 'Carter', 'oliver.carter@example.com', '+905642345678'),
('Evelyn', 'Bennett', 'evelyn.bennett@example.com', '+905643456789'),
('Jacob', 'Foster', 'jacob.foster@example.com', '+905644567890'),
('Avery', 'Griffin', 'avery.griffin@example.com', '+905645678901'),
('Mason', 'Hayes', 'mason.hayes@example.com', '+905646789012'),
('Ella', 'Bryant', 'ella.bryant@example.com', '+905647890123'),
('Jack', 'James', 'jack.james@example.com', '+905648901234'),
('Lily', 'Kennedy', 'lily.kennedy@example.com', '+905649012345'),
('Henry', 'Mitchell', 'henry.mitchell@example.com', '+905650123456'),
('Emre', 'Johnson', 'emre.johnson@example.com', '+905661234567'),
('Ayşe', 'Smith', 'ayse.smith@example.com', '+905662345678'),
('Mert', 'Davis', 'mert.davis@example.com', '+905663456789'),
('Elif', 'Williams', 'elif.williams@example.com', '+905664567890'),
('Kaan', 'Brown', 'kaan.brown@example.com', '+905665678901'),
('Zeynep', 'Garcia', 'zeynep.garcia@example.com', '+905666789012'),
('Burak', 'Miller', 'burak.miller@example.com', '+905667890123'),
('Aylin', 'Martinez', 'aylin.martinez@example.com', '+905668901234'),
('Tolga', 'Taylor', 'tolga.taylor@example.com', '+905669012345'),
('Seda', 'Wilson', 'seda.wilson@example.com', '+905670123456'),
('Can', 'Anderson', 'can.anderson@example.com', '+905671234567'),
('Gizem', 'Harris', 'gizem.harris@example.com', '+905672345678'),
('Deniz', 'Clark', 'deniz.clark@example.com', '+905673456789'),
('Ela', 'Rodriguez', 'ela.rodriguez@example.com', '+905674567890'),
('Serkan', 'Lewis', 'serkan.lewis@example.com', '+905675678901'),
('Nisan', 'Walker', 'nisan.walker@example.com', '+905676789012'),
('Emre', 'Young', 'emre.young@example.com', '+905677890123'),
('Melis', 'Allen', 'melis.allen@example.com', '+905678901234'),
('Ali', 'King', 'ali.king@example.com', '+905679012345'),
('Elif', 'Scott', 'elif.scott@example.com', '+905680123456'),
('Yusuf', 'Adams', 'yusuf.adams@example.com', '+905681234567'),
('Bahar', 'Baker', 'bahar.baker@example.com', '+905682345678'),
('Arda', 'Mitchell', 'arda.mitchell@example.com', '+905683456789'),
('Ayla', 'Carter', 'ayla.carter@example.com', '+905684567890'),
('Kerem', 'Morgan', 'kerem.morgan@example.com', '+905685678901'),
('Lara', 'Cooper', 'lara.cooper@example.com', '+905686789012'),
('Barış', 'Bell', 'baris.bell@example.com', '+905687890123'),
('Sibel', 'Murphy', 'sibel.murphy@example.com', '+905688901234'),
('Mert', 'Gonzalez', 'mert.gonzalez@example.com', '+905689012345'),
('Derya', 'Perry', 'derya.perry@example.com', '+905690123456'),
('Ahmet', 'Yılmaz', 'ahmet.yilmaz@example.com', '+905701234567'),
('Mehmet', 'Öztürk', 'mehmet.ozturk@example.com', '+905702345678'),
('Ayşe', 'Güneş', 'ayse.gunes@example.com', '+905703456789'),
('Fatma', 'Demir', 'fatma.demir@example.com', '+905704567890'),
('Ali', 'Çelik', 'ali.celik@example.com', '+905705678901'),
('Elif', 'Kaya', 'elif.kaya@example.com', '+905706789012'),
('Murat', 'Yurt', 'murat.yurt@example.com', '+905707890123'),
('Zeynep', 'Aydın', 'zeynep.aydin@example.com', '+905708901234'),
('Can', 'Akman', 'can.akman@example.com', '+905709012345'),
('Ege', 'Kara', 'ege.kara@example.com', '+905710123456'),
('Burak', 'Tekin', 'burak.tekin@example.com', '+905711234567'),
('Seda', 'Koç', 'seda.koc@example.com', '+905712345678'),
('Aliye', 'Kurt', 'aliye.kurt@example.com', '+905713456789'),
('Serkan', 'Çetin', 'serkan.cetin@example.com', '+905714567890'),
('Merve', 'Günay', 'merve.gunay@example.com', '+905715678901'),
('Okan', 'Arslan', 'okan.arslan@example.com', '+905716789012'),
('Seda', 'Çelik', 'seda.celik@example.com', '+905718901234'),
('Emre', 'Güneş', 'emre.gunes@example.com', '+905719012345'),
('Aylin', 'Korkmaz', 'aylin.korkmaz@example.com', '+905720123456'),
('Hakan', 'Yılmaz', 'hakan.yilmaz@example.com', '+905721234567'),
('Gülseren', 'Yavuz', 'gulseren.yavuz@example.com', '+905722345678'),
('Kemal', 'Baran', 'kemal.baran@example.com', '+905723456789'),
('Bahar', 'Yurt', 'bahar.yurt@example.com', '+905724567890'),
('Mehmet', 'Altun', 'mehmet.altun@example.com', '+905725678901'),
('Nisan', 'Kara', 'nisan.kara@example.com', '+905726789012'),
('Ercan', 'Özkan', 'ercan.ozkan@example.com', '+905727890123'),
('Esra', 'Kılıç', 'esra.kilic@example.com', '+905728901234'),
('Tolga', 'Demirtaş', 'tolga.demirtas@example.com', '+905729012345'),
('Gizem', 'Yalçın', 'gizem.yalcin@example.com', '+905730123456'),
('Barış', 'Erdem', 'baris.erdem@example.com', '+905731234567'),
('Sibel', 'Kurtuluş', 'sibel.kurtulus@example.com', '+905732345678'),
('Ege', 'Çam', 'ege.cam@example.com', '+905733456789'),
('Büşra', 'Taş', 'busra.tas@example.com', '+905734567890'),
('Gökhan', 'Koçak', 'gokhan.kocak@example.com', '+905735678901'),
('Merve', 'Karakaya', 'merve.karakaya@example.com', '+905736789012'),
('Ozan', 'Akar', 'ozan.akar@example.com', '+905737890123'),
('Bahar', 'Uygur', 'bahar.uygur@example.com', '+905738901234'),
('Serpil', 'Gönül', 'serpil.gonul@example.com', '+905739012345'),
('Cem', 'Cevap', 'cem.cevap@example.com', '+905740123456'),
('Hüseyin', 'Aydın', 'huseyin.aydin@example.com', '+905741234567'),
('Yasemin', 'Bayrak', 'yasemin.bayrak@example.com', '+905742345678'),
('Kerem', 'Gürbüz', 'kerem.gurbuz@example.com', '+905743456789'),
('Seda', 'Kahraman', 'seda.kahraman@example.com', '+905744567890'),
('Emir', 'Sönmez', 'emir.sonmez@example.com', '+905745678901'),
('Vildan', 'Karaaslan', 'vildan.karaaslan@example.com', '+905746789012'),
('Kadir', 'Sönmez', 'kadir.sonmez@example.com', '+905747890123'),
('Funda', 'Yelken', 'funda.yelken@example.com', '+905748901234'),
('Onur', 'Öksüz', 'onur.oksuz@example.com', '+905749012345'),
('Gül', 'Tekin', 'gul.tekin@example.com', '+905750123456'),
('Cansu', 'Ekinci', 'cansu.ekinci@example.com', '+905751234567'),
('Levent', 'Ergin', 'levent.ergin@example.com', '+905752345678'),
('Nisan', 'Çelik', 'nisan.celik@example.com', '+905753456789'),
('Alihan', 'Çetin', 'aliham.cetin@example.com', '+905754567890'),
('Eda', 'Özkan', 'eda.ozkan@example.com', '+905755678901'),
('Tolga', 'Aksu', 'tolga.aksu@example.com', '+905756789012'),
('Hümeyra', 'Kuş', 'humeyra.kus@example.com', '+905757890123'),
('Yavuz', 'Korkmaz', 'yavuz.korkmaz@example.com', '+905758901234'),
('Sibel', 'Bostan', 'sibel.bostan@example.com', '+905759012345'),
('Ekin', 'Akkaya', 'ekin.akkaya@example.com', '+905760123456'),
('Ahmet', 'Esen', 'ahmet.esen@example.com', '+905761234567'),
('Neslihan', 'Arıkan', 'neslihan.arikan@example.com', '+905762345678'),
('Cemre', 'Arslan', 'cemre.arslan@example.com', '+905763456789'),
('Mert', 'Akbulut', 'mert.akbulut@example.com', '+905764567890'),
('Özge', 'Yalın', 'ozge.yalin@example.com', '+905765678901'),
('İsmail', 'Görkem', 'ismail.gorkem@example.com', '+905766789012'),
('Feyza', 'Özdemir', 'feyza.ozdemir@example.com', '+905767890123'),
('Alper', 'Akman', 'alper.akman@example.com', '+905768901234'),
('Burcu', 'Ergin', 'burcu.ergin@example.com', '+905769012345'),
('Serdar', 'Göral', 'serdar.goral@example.com', '+905770123456'),
('Derya', 'Sönmez', 'derya.sonmez@example.com', '+905771234567'),
('Aydın', 'Koyuncu', 'aydin.koyuncu@example.com', '+905772345678'),
('Zeynep', 'Yüksek', 'zeynep.yuksek@example.com', '+905773456789'),
('Ege', 'Tekin', 'ege.tekin@example.com', '+905774567890'),
('Melike', 'Gümüş', 'melike.gumus@example.com', '+905775678901'),
('Cengiz', 'Kara', 'cengiz.kara@example.com', '+905776789012'),
('Seda', 'Bilgin', 'seda.bilgin@example.com', '+905777890123'),
('Hüseyin', 'Göl', 'huseyin.gol@example.com', '+905778901234'),
('Aylin', 'Bilir', 'aylin.bilir@example.com', '+905779012345'),
('Deniz', 'Gün', 'deniz.gun@example.com', '+905780123456'),
('Bora', 'Kaya', 'bora.kaya@example.com', '+905781234567'),
('Gül', 'Koç', 'gul.koc@example.com', '+905782345678'),
('Sibel', 'Acar', 'sibel.acar@example.com', '+905783456789'),
('Okan', 'Demirtaş', 'okan.demirtas@example.com', '+905784567890'),
('Yasemin', 'Aydın', 'yasemin.aydin@example.com', '+905785678901'),
('Serhat', 'Kurt', 'serhat.kurt@example.com', '+905786789012'),
('Burak', 'Sönmez', 'burak.sonmez@example.com', '+905787890123'),
('Gizem', 'Çelik', 'gizem.celik@example.com', '+905788901234'),
('Ahmet', 'Alkan', 'ahmet.alkan@example.com', '+905789012345'),
('Meltem', 'Ceylan', 'meltem.ceylan@example.com', '+905790123456'),
('Gökçe', 'Arslan', 'gokce.arslan@example.com', '+905791234567'),
('Kemal', 'Yıldız', 'kemal.yildiz@example.com', '+905792345678'),
('Büşra', 'Karaçay', 'busra.karacay@example.com', '+905793456789'),
('Ahmet', 'Çolak', 'ahmet.colak@example.com', '+905794567890'),
('Nisan', 'Sönmez', 'nisan.sonmez@example.com', '+905795678901'),
('Emine', 'Yavaş', 'emine.yavas@example.com', '+905796789012'),
('Ali', 'Ulu', 'ali.ulu@example.com', '+905797890123'),
('Selin', 'Kaya', 'selin.kaya@example.com', '+905798901234'),
('Murat', 'Koç', 'murat.koc@example.com', '+905799012345'),
('Dilan', 'Gür', 'dilan.gur@example.com', '+905800123456'),
('Bora', 'Kurt', 'bora.kurt@example.com', '+905801234567'),
('Ceyda', 'Aydın', 'ceyda.aydin@example.com', '+905802345678'),
('Yusuf', 'Yüksel', 'yusuf.yuksel@example.com', '+905803456789'),
('Elif', 'Çetin', 'elif.cetin@example.com', '+905804567890'),
('Tuncay', 'Güneş', 'tuncay.gunes@example.com', '+905805678901'),
('Eylül', 'Dönmez', 'eylul.donmez@example.com', '+905806789012'),
('İsmail', 'Kara', 'ismail.kara@example.com', '+905807890123'),
('Nehir', 'Bora', 'nehir.bora@example.com', '+905808901234'),
('Suna', 'Kurt', 'suna.kurt@example.com', '+905809012345'),
('Aydın', 'Tekin', 'aydin.tekin@example.com', '+905810123456'),
('Gülşah', 'Arı', 'gulsah.ari@example.com', '+905811234567'),
('Seyma', 'Acar', 'seyma.acar@example.com', '+905812345678'),
('Baran', 'Yelkin', 'baran.yelkin@example.com', '+905813456789'),
('Derya', 'Ergin', 'derya.ergin@example.com', '+905814567890'),
('Veli', 'Gün', 'veli.gun@example.com', '+905815678901'),
('Pelin', 'Kurtuluş', 'pelin.kurtulus@example.com', '+905816789012'),
('Emre', 'Koç', 'emre.koc@example.com', '+905817890123'),
('Elif', 'Kara', 'elif.kara@example.com', '+905818901234'),
('Serdar', 'Yüksel', 'serdar.yuksel@example.com', '+905819012345'),
('Gizem', 'Güler', 'gizem.guler@example.com', '+905820123456'),
('Zeki', 'Özdemir', 'zeki.ozdemir@example.com', '+905821234567'),
('Aylin', 'Arslan', 'aylin.arslan@example.com', '+905822345678'),
('Deniz', 'Acar', 'deniz.acar@example.com', '+905823456789'),
('Melih', 'Çetinkaya', 'melih.cetinkaya@example.com', '+905824567890'),
('Gül', 'Aydın', 'gul.aydin@example.com', '+905825678901'),
('Erkan', 'Görmüş', 'erkan.gormus@example.com', '+905826789012'),
('Sibel', 'Bilgiç', 'sibel.bilgic@example.com', '+905827890123'),
('Ozan', 'Özkan', 'ozan.ozkan@example.com', '+905828901234'),
('Aysel', 'Güner', 'aysel.guner@example.com', '+905829012345'),
('Serkan', 'Turgut', 'serkan.turgut@example.com', '+905830123456'),
('Ekin', 'Kara', 'ekin.kara@example.com', '+905831234567'),
('Gizem', 'Gündüz', 'gizem.gunduz@example.com', '+905833456789'),
('Esra', 'Yavuz', 'esra.yavuz@example.com', '+905835678901'),
('Kerem', 'Arslan', 'kerem.arslan@example.com', '+905836789012'),
('Nihan', 'Başaran', 'nihan.basaran@example.com', '+905837890123'),
('Tuba', 'Demir', 'tuba.demir@example.com', '+905838901234'),
('Rıza', 'Sönmez', 'riza.sonmez@example.com', '+905839012345'),
('Yasemin', 'İşler', 'yasemin.isler@example.com', '+905840123456'),
('Can', 'Erdoğan', 'can.erdogan@example.com', '+905841234567'),
('Seda', 'Karakaya', 'seda.karakaya@example.com', '+905842345678'),
('Barış', 'Güneş', 'baris.gunes@example.com', '+905843456789'),
('Lale', 'Kurt', 'lale.kurt@example.com', '+905844567890'),
('Çağıl', 'Karakaya', 'cagil.karakaya@example.com', '+905845678901'),
('Yavuz', 'Çelik', 'yavuz.celik@example.com', '+905846789012'),
('Merve', 'Özdemir', 'merve.ozdemir@example.com', '+905847890123'),
('Kübra', 'Öztürk', 'kubra.ozturk@example.com', '+905848901234'),
('Salih', 'Kaya', 'salih.kaya@example.com', '+905849012345'),
('Pelin', 'Akman', 'pelin.akman@example.com', '+905850123456'),   
('Ercan', 'Yılmaz', 'ercan.yilmaz@example.com', '+905851234567'),
('Meltem', 'Gönül', 'meltem.gonul@example.com', '+905852345678'),
('İlker', 'Bölükbaşı', 'ilker.bolukbasi@example.com', '+905853456789'),
('Zeynep', 'Sönmez', 'zeynep.sonmez@example.com', '+905854567890'),
('Murat', 'Kaya', 'murat.kaya@example.com', '+905855678901'),
('Gizem', 'Öz', 'gizem.oz@example.com', '+905856789012'),
('Tuncay', 'Yılmaz', 'tuncay.yilmaz@example.com', '+905857890123'),
('Bahar', 'Yalçın', 'bahar.yalcin@example.com', '+905858901234'),
('Emre', 'Güler', 'emre.guler@example.com', '+905859012345'),
('Aslı', 'Sönmez', 'asli.sonmez@example.com', '+905860123456'),
('Ayla', 'Kurt', 'ayla.kurt@example.com', '+905861234567'),
('Volkan', 'Arı', 'volkan.ari@example.com', '+905862345678'),
('Gülşah', 'Güneş', 'gulshah.gunes@example.com', '+905863456789'),
('Orhan', 'Çelik', 'orhan.celik@example.com', '+905864567890'),
('Nursel', 'Aydın', 'nursel.aydin@example.com', '+905865678901'),
('Caner', 'Korkmaz', 'caner.korkmaz@example.com', '+905866789012'),
('Zeynep', 'Bahar', 'zeynep.bahar@example.com', '+905867890123'),
('Levent', 'Tekin', 'levent.tekin@example.com', '+905868901234'),
('Buse', 'Arslan', 'buse.arslan@example.com', '+905869012345'),
('Aysel', 'Demir', 'aysel.demir@example.com', '+905870123456'),
('Alperen', 'Kaya', 'alperen.kaya@example.com', '+905871234567'),
('Nalan', 'Yavuz', 'nalan.yavuz@example.com', '+905872345678'),
('Sinan', 'Kara', 'sinan.kara@example.com', '+905873456789'),
('Beyza', 'Özdemir', 'beyza.ozdemir@example.com', '+905874567890'),
('Gül', 'Yılmaz', 'gul.yilmaz@example.com', '+905875678901'),
('Uğur', 'Koç', 'ugur.koc@example.com', '+905876789012'),
('Meral', 'Gökçe', 'meral.gokce@example.com', '+905877890123'),
('Yusuf', 'Gün', 'yusuf.gun@example.com', '+905878901234'),
('Seda', 'Karaçay', 'seda.karacay@example.com', '+905879012345'),
('Kaan', 'Eren', 'kaan.eren@example.com', '+905880123456'),
('Sibel', 'Yılmaz', 'sibel.yilmaz@example.com', '+905881234567'),
('Ali', 'Kara', 'ali.kara@example.com', '+905882345678'),
('Gül', 'Yavuz', 'gul.yavuz@example.com', '+905883456789'),
('Ozan', 'Kurt', 'ozan.kurt@example.com', '+905884567890'),
('Melike', 'Özdemir', 'melike.ozdemir@example.com', '+905885678901'),
('Erhan', 'Kaya', 'erhan.kaya@example.com', '+905886789012'),
('Zeynep', 'Çelik', 'zeynep.celik@example.com', '+905887890123'),
('Murat', 'Demir', 'murat.demir@example.com', '+905888901234'),
('Nisan', 'Yılmaz', 'nisan.yilmaz@example.com', '+905889012345'),
('Burak', 'Güneş', 'burak.gunes@example.com', '+905890123456'),
('Elif', 'Arslan', 'elif.arslan@example.com', '+905891234567'),
('Ege', 'Öztürk', 'ege.ozturk@example.com', '+905892345678'),
('Aylin', 'Koç', 'aylin.koc@example.com', '+905893456789'),
('Can', 'Sönmez', 'can.sonmez@example.com', '+905894567890'),
('Gizem', 'Demirtaş', 'gizem.demirtas@example.com', '+905895678901'),
('Hakan', 'Kara', 'hakan.kara@example.com', '+905896789012'),
('Pelin', 'Yavuz', 'pelin.yavuz@example.com', '+905897890123'),
('Ali', 'Aydın', 'ali.aydin@example.com', '+905898901234'),
('Serkan', 'Kurt', 'serkan.kurt@example.com', '+905899012345'),
('Merve', 'Arı', 'merve.ari@example.com', '+905900123456'),
('Özge', 'Kaya', 'ozge.kaya@example.com', '+905901234567'),
('Hüseyin', 'Güneş', 'huseyin.gunes@example.com', '+905902345678'),
('Ayşe', 'Yılmaz', 'ayse.yilmaz@example.com', '+905903456789'),
('Levent', 'Çetin', 'levent.cetin@example.com', '+905904567890'),
('Zeynep', 'Güler', 'zeynep.guler@example.com', '+905905678901'),
('Kadir', 'Güneş', 'kadir.gunes@example.com', '+905906789012'),
('Gülçin', 'Sönmez', 'gulcin.sonmez@example.com', '+905907890123'),
('Mert', 'Demir', 'mert.demir@example.com', '+905908901234'),
('Büşra', 'Yavuz', 'busra.yavuz@example.com', '+905909012345'),
('Serpil', 'Koç', 'serpil.koc@example.com', '+905910123456'),
('Aliye', 'Çelik', 'aliye.celik@example.com', '+905911234567'),
('Mehmet', 'Arslan', 'mehmet.arslan@example.com', '+905912345678'),
('Nalan', 'Sönmez', 'nalan.sonmez@example.com', '+905913456789'),
('Canan', 'Kara', 'canan.kara@example.com', '+905914567890'),
('Gökhan', 'Yavuz', 'gokhan.yavuz@example.com', '+905915678901'),
('Hülya', 'Koç', 'hulya.koc@example.com', '+905916789012'),
('Gizem', 'Yılmaz', 'gizem.yilmaz@example.com', '+905917890123'),
('Burak', 'Aydın', 'burak.aydin@example.com', '+905918901234'),
('Seda', 'Kurt', 'seda.kurt@example.com', '+905919012345'),
('Mehmet', 'Demirtaş', 'mehmet.demirtas@example.com', '+905920123456'),
('Aydın', 'Karaca', 'aydin.karaca@example.com', '+905971234567'),
('Hande', 'Kış', 'hande.kis@example.com', '+905972345678'),
('Kemal', 'Ulusoy', 'kemal.ulusoy@example.com', '+905973456789'),
('Nazan', 'Giritli', 'nazan.giritli@example.com', '+905974567890'),
('Rıza', 'Çetinkaya', 'riza.cetinkaya@example.com', '+905975678901'),
('Ece', 'Alpay', 'ece.alpay@example.com', '+905976789012'),
('Zeki', 'Kuzgun', 'zeki.kuzgun@example.com', '+905977890123'),
('Oya', 'Çolak', 'oya.colak@example.com', '+905978901234'),
('Fikret', 'Sönmez', 'fikret.sonmez@example.com', '+905979012345'),
('Ayça', 'Kurtuluş', 'ayca.kurtulus@example.com', '+905980123456'),
('Güner', 'Erdem', 'guner.erdem@example.com', '+905981234567'),
('Gülser', 'Arı', 'gulser.ari@example.com', '+905982345678'),
('Nihan', 'Yılmaz', 'nihan.yilmaz@example.com', '+905983456789'),
('Ekin', 'Tekin', 'ekin.tekin@example.com', '+905984567890'),
('Mikail', 'Arıkan', 'mikail.arikan@example.com', '+905985678901'),
('Leyla', 'Kaya', 'leyla.kaya@example.com', '+905986789012'),
('Erhan', 'Gönül', 'erhan.gonul@example.com', '+905987890123'),
('Cevdet', 'Sönmez', 'cevded.sonmez@example.com', '+905988901234'),
('Arzu', 'Bilgin', 'arzu.bilgin@example.com', '+905989012345'),
('Serdar', 'Çınar', 'serdar.cinar@example.com', '+905990123456'),
('Seda', 'Güneş', 'seda.gunes@example.com', '+905991234567'),
('Sinan', 'Demirtaş', 'sinan.demirtas@example.com', '+905992345678'),
('Nermin', 'Kurt', 'nermin.kurt@example.com', '+905993456789'),
('Gaye', 'Karan', 'gaye.karan@example.com', '+905994567890'),
('Berk', 'Koç', 'berk.koc@example.com', '+905995678901'),
('Sibel', 'Yavuz', 'sibel.yavuz@example.com', '+905996789012'),
('Yasemin', 'Arslan', 'yasemin.arslan@example.com', '+905997890123'),
('Kenan', 'Karakaya', 'kenan.karakaya@example.com', '+905998901234'),
('Gülbeyaz', 'Öztürk', 'gulbeyaz.ozturk@example.com', '+905999012345'),
('Atakan', 'Arı', 'atakan.ari@example.com', '+906000123456'),
('Hale', 'Sönmez', 'hale.sonmez@example.com', '+906001234567'),
('Mert', 'Koca', 'mert.koca@example.com', '+906002345678'),
('Aylin', 'Demir', 'aylin.demir@example.com', '+906003456789'),
('Eylül', 'Çetin', 'eylul.cetin@example.com', '+906004567890'),
('Alper', 'Yılmaz', 'alper.yilmaz@example.com', '+906005678901'),
('Cemre', 'Kurt', 'cemre.kurt@example.com', '+906006789012'),
('Emrah', 'Bora', 'emrah.bora@example.com', '+906007890123'),
('Seda', 'Ekinci', 'seda.ekinci@example.com', '+906008901234'),
('Kübra', 'Çolak', 'kubra.colak@example.com', '+906009012345'),
('Tuba', 'Yavaş', 'tuba.yavas@example.com', '+906010123456'),
('Cem', 'Arslan', 'cem.arslan@example.com', '+906011234567'),
('Merve', 'Demirtaş', 'merve.demirtas@example.com', '+906012345678'),
('Barış', 'Sönmez', 'baris.sonmez@example.com', '+906013456789'),
('Gözde', 'Öztürk', 'gozde.ozturk@example.com', '+906014567890'),
('Selim', 'Çetin', 'selim.cetin@example.com', '+906015678901'),
('Hüseyin', 'Yenilmez', 'huseyin.yenilmez@example.com', '+906016789012'),
('Gül', 'Aydın', 'gul.aydin@example.com', '+906017890123'),
('Yusuf', 'Akman', 'yusuf.akman@example.com', '+906018901234'),
('Nazan', 'Kara', 'nazan.kara@example.com', '+906019012345'),
('Furkan', 'Güler', 'furkan.guler@example.com', '+906020123456'),
('Hakan', 'Aydın', 'hakan.aydin@example.com', '+906021234567'),
('Meral', 'Güner', 'meral.guner@example.com', '+906022345678'),
('Cem', 'Gökçe', 'cem.gokce@example.com', '+906023456789'),
('Ayşegül', 'Özdemir', 'aysegul.ozdemir@example.com', '+906024567890'),
('Ege', 'Arı', 'ege.ari@example.com', '+906025678901'),
('İrem', 'Koç', 'irem.koc@example.com', '+906026789012'),
('Onur', 'Kaya', 'onur.kaya@example.com', '+906027890123'),
('Binnur', 'Çelik', 'binnur.celik@example.com', '+906028901234'),
('Serhat', 'Öz', 'serhat.oz@example.com', '+906029012345'),
('Hülya', 'Yalçın', 'hulya.yalcin@example.com', '+906030123456'),
('Orhan', 'Güneş', 'orhan.gunes@example.com', '+906031234567'),
('Nesrin', 'Sönmez', 'nesrin.sonmez@example.com', '+906032345678'),
('Özlem', 'Kurt', 'ozlem.kurt@example.com', '+906033456789'),
('Can', 'Yalçın', 'can.yalcin@example.com', '+906034567890'),
('Aliye', 'Yılmaz', 'aliye.yilmaz@example.com', '+906035678901'),
('Sinan', 'Gün', 'sinan.gun@example.com', '+906036789012'),
('Seda', 'Eren', 'seda.eren@example.com', '+906037890123'),
('Selin', 'Arslan', 'selin.arslan@example.com', '+906038901234'),
('Cemre', 'Akman', 'cemre.akman@example.com', '+906039012345'),
('Eylül', 'Yavuz', 'eylul.yavuz@example.com', '+906040123456'),
('Volkan', 'Güler', 'volkan.guler@example.com', '+906041234567'),
('Fatma', 'Karaca', 'fatma.karaca@example.com', '+906042345678'),
('Gökhan', 'Bora', 'gokhan.bora@example.com', '+906043456789'),
('Hakan', 'Yavuz', 'hakan.yavuz@example.com', '+906044567890'),
('Gözde', 'Gönül', 'gozde.gonul@example.com', '+906045678901'),
('Rıdvan', 'Koç', 'ridvan.koc@example.com', '+906046789012'),
('Kübra', 'Çakır', 'kubra.cakir@example.com', '+906047890123'),
('Vildan', 'Gün', 'vildan.gun@example.com', '+906048901234'),
('Ceylan', 'Demir', 'ceylan.demir@example.com', '+906049012345'),
('Sibel', 'Tekin', 'sibel.tekin@example.com', '+906050123456'),
('Hüseyin', 'Yenilmez', 'huseyin.yenilmez@example.com', '+906051234567'),
('Mehmet', 'Çetin', 'mehmet.cetin@example.com', '+906052345678'),
('Derya', 'Sönmez', 'derya.sonmez@example.com', '+906053456789'),
('Merve', 'Yılmaz', 'merve.yilmaz@example.com', '+906054567890'),
('Ayla', 'Güler', 'ayla.guler@example.com', '+906055678901'),
('Kaan', 'Çolak', 'kaan.colak@example.com', '+906056789012'),
('Meryem', 'Koç', 'meryem.koc@example.com', '+906057890123'),
('Berk', 'Güner', 'berk.guner@example.com', '+906058901234'),
('Serpil', 'Sönmez', 'serpil.sonmez@example.com', '+906059012345'),
('Alper', 'Ekinci', 'alper.ekinci@example.com', '+906060123456'),
('Nida', 'Çelik', 'nida.celik@example.com', '+906061234567'),
('Derya', 'Demirtaş', 'derya.demirtas@example.com', '+906062345678'),
('Orhan', 'Yalçın', 'orhan.yalcin@example.com', '+906063456789'),
('Hande', 'Kaya', 'hande.kaya@example.com', '+906064567890'),
('Emre', 'Yılmaz', 'emre.yilmaz@example.com', '+906065678901'),
('Buse', 'Arslan', 'buse.arslan@example.com', '+906066789012'),
('Seda', 'Arı', 'seda.ari@example.com', '+906067890123'),
('Barış', 'Yavuz', 'baris.yavuz@example.com', '+906068901234'),
('Lale', 'Sönmez', 'lale.sonmez@example.com', '+906069012345'),
('Uğur', 'Koç', 'ugur.koc@example.com', '+906070123456');*
('Alev', 'Çolak', 'alev.colak@example.com', '+906071234567'),
('Emir', 'Kara', 'emir.kara@example.com', '+906072345678'),
('Ceren', 'Güneş', 'ceren.gunes@example.com', '+906073456789'),
('Gökhan', 'Yılmaz', 'gokhan.yilmaz@example.com', '+906074567890'),
('Nazan', 'Özdemir', 'nazan.ozdemir@example.com', '+906075678901'),
('Umut', 'Sönmez', 'umut.sonmez@example.com', '+906076789012'),
('Pelin', 'Yavuz', 'pelin.yavuz@example.com', '+906077890123'),
('Savaş', 'Akman', 'savas.akman@example.com', '+906078901234'),
('Aynur', 'Kaya', 'aynur.kaya@example.com', '+906079012345'),
('Ali', 'Arslan', 'ali.arslan@example.com', '+906080123456'),
('Eda', 'Yılmaz', 'eda.yilmaz@example.com', '+906081234567'),
('Ekin', 'Yavuz', 'ekin.yavuz@example.com', '+906082345678'),
('Buse', 'Koç', 'buse.koc@example.com', '+906083456789'),
('Cem', 'Güler', 'cem.guler@example.com', '+906084567890'),
('Nihan', 'Çelik', 'nihan.celik@example.com', '+906085678901'),
('Barış', 'Arı', 'baris.ari@example.com', '+906086789012'),
('Zeynep', 'Yalçın', 'zeynep.yalcin@example.com', '+906087890123'),
('Hüseyin', 'Yenilmez', 'huseyin.yenilmez@example.com', '+906088901234'),
('Mehtap', 'Çetin', 'mehtap.cetin@example.com', '+906089012345'),
('Deniz', 'Sönmez', 'deniz.sonmez@example.com', '+906090123456'),
('Lale', 'Arı', 'lale.ari@example.com', '+906091234567'),
('Serkan', 'Gökçe', 'serkan.gokce@example.com', '+906092345678'),
('Gözde', 'Gün', 'gozde.gun@example.com', '+906093456789'),
('Aydın', 'Çelik', 'aydin.celik@example.com', '+906094567890'),
('Gülcan', 'Kurt', 'gulcan.kurt@example.com', '+906095678901'),
('Emre', 'Koca', 'emre.koca@example.com', '+906096789012'),
('Fidan', 'Yavuz', 'fidan.yavuz@example.com', '+906097890123'),
('Serap', 'Aydın', 'serap.aydin@example.com', '+906098901234'),
('Mustafa', 'Sönmez', 'mustafa.sonmez@example.com', '+906099012345'),
('Ayşe', 'Arslan', 'ayse.arslan@example.com', '+906100123456'),
('Ali', 'Güneş', 'ali.gunes@example.com', '+906101234567'),
('Kübra', 'Yılmaz', 'kubra.yilmaz@example.com', '+906102345678'),
('Aycan', 'Ekinci', 'aycan.ekinci@example.com', '+906103456789'),
('Özlem', 'Kaya', 'ozlem.kaya@example.com', '+906104567890'),
('Gül', 'Yalçın', 'gul.yalcin@example.com', '+906105678901'),
('İsmail', 'Sönmez', 'ismail.sonmez@example.com', '+906106789012'),
('Eylül', 'Kurt', 'eylul.kurt@example.com', '+906107890123'),
('Sinem', 'Çetin', 'sinem.cetin@example.com', '+906108901234'),
('Rıza', 'Koç', 'riza.koc@example.com', '+906109012345'),
('Meryem', 'Güler', 'meryem.guler@example.com', '+906110123456'),
('Ahmet', 'Çolak', 'ahmet.colak@example.com', '+906111234567'),
('Seda', 'Yalçın', 'seda.yalcin@example.com', '+906112345678'),
('Tayfun', 'Arslan', 'tayfun.arslan@example.com', '+906113456789'),
('Burcu', 'Sönmez', 'burcu.sonmez@example.com', '+906114567890'),
('Hüseyin', 'Güneş', 'huseyin.gunes@example.com', '+906116789012'),
('Sibel', 'Çetin', 'sibel.cetin@example.com', '+906117890123'),
('Tuba', 'Yılmaz', 'tuba.yilmaz@example.com', '+906118901234'),
('Vildan', 'Demir', 'vildan.demir@example.com', '+906119012345'),
('Barış', 'Öztürk', 'baris.ozturk@example.com', '+906120123456'),
('Alperen', 'Koçak', 'alperen.kocak@example.com', '+906121234567'),
('Bahar', 'Aydın', 'bahar.aydin@example.com', '+906122345678'),
('Cemre', 'Yüksel', 'cemre.yuksel@example.com', '+906123456789'),
('Deniz', 'Akman', 'deniz.akman@example.com', '+906124567890'),
('Emre', 'Alkan', 'emre.alkan@example.com', '+906125678901'),
('Gülşah', 'Yılmaz', 'gulshah.yilmaz@example.com', '+906126789012'),
('Hüseyin', 'Özdemir', 'huseyin.ozdemir@example.com', '+906127890123'),
('İrem', 'Çakır', 'irem.cakir@example.com', '+906128901234'),
('Kaan', 'Demir', 'kaan.demir@example.com', '+906129012345'),
('Leman', 'Yavuz', 'leman.yavuz@example.com', '+906130123456'),
('Murat', 'Arı', 'murat.ari@example.com', '+906131234567'),
('Nisan', 'Koçak', 'nisan.kocak@example.com', '+906132345678'),
('Onur', 'Gül', 'onur.gul@example.com', '+906133456789'),
('Rabia', 'Çelik', 'rabia.celik@example.com', '+906134567890'),
('Selçuk', 'Kurt', 'selcuk.kurt@example.com', '+906135678901'),
('Sibel', 'Yüksel', 'sibel.yuksel@example.com', '+906136789012'),
('Tolga', 'Sönmez', 'tolga.sonmez@example.com', '+906137890123'),
('Vildan', 'Çakır', 'vildan.cakir@example.com', '+906138901234'),
('Yasin', 'Arslan', 'yasin.arslan@example.com', '+906139012345'),
('Zeynep', 'Akgün', 'zeynep.akgun@example.com', '+906140123456'),
('Alican', 'Kara', 'alican.kara@example.com', '+906141234567'),
('Buse', 'Yalçın', 'buse.yalcin@example.com', '+906142345678'),
('Cem', 'Güneş', 'cem.gunes@example.com', '+906143456789'),
('Derya', 'Kurtuluş', 'derya.kurtulus@example.com', '+906144567890'),
('Ekin', 'Yıldız', 'ekin.yildiz@example.com', '+906145678901'),
('Ferhat', 'Aydın', 'ferhat.aydin@example.com', '+906146789012'),
('Gizem', 'Çetin', 'gizem.cetin@example.com', '+906147890123'),
('Hale', 'Yavuz', 'hale.yavuz@example.com', '+906148901234'),
('İlker', 'Kaya', 'ilker.kaya@example.com', '+906149012345'),
('Kübra', 'Erdem', 'kubra.erdem@example.com', '+906150123456'),
('Meltem', 'Koç', 'meltem.koc@example.com', '+906151234567'),
('Oğuz', 'Yılmaz', 'oguz.yilmaz@example.com', '+906152345678'),
('Pelin', 'Arı', 'pelin.ari@example.com', '+906153456789'),
('Rabia', 'Sönmez', 'rabia.sonmez@example.com', '+906154567890'),
('Seda', 'Güler', 'seda.guler@example.com', '+906155678901'),
('Tuba', 'Çakır', 'tuba.cakir@example.com', '+906156789012'),
('Ufuk', 'Yavuz', 'ufuk.yavuz@example.com', '+906157890123'),
('Veli', 'Özdemir', 'veli.ozdemir@example.com', '+906158901234'),
('Yeliz', 'Yüksek', 'yeliz.yuksek@example.com', '+906159012345'),
('Zeynep', 'Yüksel', 'zeynep.yuksel@example.com', '+906160123456'),
('Aysun', 'Çolak', 'aysun.colak@example.com', '+906161234567'),
('Berkay', 'Kurt', 'berkay.kurt@example.com', '+906162345678'),
('Canan', 'Arı', 'canan.ari@example.com', '+906163456789'),
('Duygu', 'Yılmaz', 'duygu.yilmaz@example.com', '+906164567890'),
('Erdem', 'Yalçın', 'erdem.yalcin@example.com', '+906165678901'),
('Feride', 'Güneş', 'feride.gunes@example.com', '+906166789012'),
('Gül', 'Kara', 'gul.kara@example.com', '+906167890123'),
('Hüseyin', 'Kurtuluş', 'huseyin.kurtulus@example.com', '+906168901234'),
('İpek', 'Koçak', 'ipek.kocak@example.com', '+906169012345'),
('Kaan', 'Güler', 'kaan.guler@example.com', '+906170123456'),
('Alp', 'Gönül', 'alp.gonul@example.com', '+906171234567'),
('Aylin', 'Yavuz', 'aylin.yavuz@example.com', '+906172345678'),
('Barış', 'Aydın', 'baris.aydin@example.com', '+906173456789'),
('Buse', 'Güler', 'buse.guler@example.com', '+906174567890'),
('Can', 'Koçak', 'can.kocak@example.com', '+906175678901'),
('Deniz', 'Erdem', 'deniz.erdem@example.com', '+906176789012'),
('Ege', 'Yüksel', 'ege.yuksel@example.com', '+906177890123'),
('Funda', 'Yılmaz', 'funda.yilmaz@example.com', '+906178901234'),
('Görkem', 'Kara', 'gorkem.kara@example.com', '+906179012345'),
('Hale', 'Arslan', 'hale.arslan@example.com', '+906180123456'),
('İlker', 'Çetin', 'ilker.cetin@example.com', '+906181234567'),
('Kübra', 'Güneş', 'kubra.gunes@example.com', '+906182345678'),
('Lale', 'Yavuz', 'lale.yavuz@example.com', '+906183456789'),
('Mert', 'Koç', 'mert.koc@example.com', '+906184567890'),
('Nihan', 'Çakır', 'nihan.cakir@example.com', '+906185678901'),
('Ozan', 'Sönmez', 'ozan.sonmez@example.com', '+906186789012'),
('Pelin', 'Öztürk', 'pelin.ozturk@example.com', '+906187890123'),
('Rabia', 'Arı', 'rabia.ari@example.com', '+906188901234'),
('Seren', 'Kurt', 'seren.kurt@example.com', '+906189012345'),
('Tayfun', 'Yılmaz', 'tayfun.yilmaz@example.com', '+906190123456'),
('Uğur', 'Erdem', 'ugur.erdem@example.com', '+906191234567'),
('Vildan', 'Güler', 'vildan.guler@example.com', '+906192345678'),
('Yeliz', 'Arslan', 'yeliz.arslan@example.com', '+906193456789'),
('Zeynep', 'Kaya', 'zeynep.kaya@example.com', '+906194567890'),
('Aysel', 'Güneş', 'aysel.gunes@example.com', '+906195678901'),
('Berk', 'Yavuz', 'berk.yavuz@example.com', '+906196789012'),
('Cemre', 'Çolak', 'cemre.colak@example.com', '+906197890123'),
('Duygu', 'Kurt', 'duygu.kurt@example.com', '+906198901234'),
('Ekin', 'Arı', 'ekin.ari@example.com', '+906199012345'),
('Feride', 'Koçak', 'feride.kocak@example.com', '+906200123456'),
('Gizem', 'Güler', 'gizem.guler@example.com', '+906201234567'),
('Hüseyin', 'Yavuz', 'huseyin.yavuz@example.com', '+906202345678'),
('İpek', 'Sönmez', 'ipek.sonmez@example.com', '+906203456789'),
('Kaan', 'Çetin', 'kaan.cetin@example.com', '+906204567890'),
('Leman', 'Çakır', 'leman.cakir@example.com', '+906205678901'),
('Meltem', 'Yılmaz', 'meltem.yilmaz@example.com', '+906206789012'),
('Nazan', 'Arslan', 'nazan.arslan@example.com', '+906207890123'),
('Oğuz', 'Kaya', 'oguz.kaya@example.com', '+906208901234'),
('Pelin', 'Erdem', 'pelin.erdem@example.com', '+906209012345'),
('Rabia', 'Yavuz', 'rabia.yavuz@example.com', '+906210123456'),
('Selin', 'Koç', 'selin.koc@example.com', '+906211234567'),
('Tuba', 'Güneş', 'tuba.gunes@example.com', '+906212345678'),
('Ufuk', 'Yılmaz', 'ufuk.yilmaz@example.com', '+906213456789'),
('Veli', 'Sönmez', 'veli.sonmez@example.com', '+906214567890'),
('Yeliz', 'Çetin', 'yeliz.cetin@example.com', '+906215678901'),
('Zeynep', 'Kurt', 'zeynep.kurt@example.com', '+906216789012'),
('Aysun', 'Koç', 'aysun.koc@example.com', '+906217890123'),
('Berkay', 'Yavuz', 'berkay.yavuz@example.com', '+906218901234'),
('Canan', 'Sönmez', 'canan.sonmez@example.com', '+906219012345'),
('Derya', 'Arı', 'derya.ari@example.com', '+906220123456');*/

/*CREATE TABLE orders(
     order_Id INT PRIMARY KEY AUTO_INCREMENT ,
     customer_Id int ,
     order_date datetime,
     order_status VARCHAR(50) NOT NULL
     );
 
     
INSERT INTO orders (customer_Id,order_date, order_status) 
VALUES
(2, '2024-08-13 09:15:00', 'kargoya verildi'),
(3, '2024-08-14 16:45:00', 'tamamlandı'),
(4, '2024-08-15 10:00:00', 'kargoya verildi'),
(5, '2024-08-16 12:20:00', 'kargoya verildi'),
(6,  '2024-08-17 18:30:00', 'tamamlandı'),
(7,  '2024-08-18 11:00:00', 'tamamlandı'),
(8,  '2024-08-19 13:45:00', 'kargoya verildi'),
(9,  '2024-08-20 15:30:00', 'tamamlandı'),
(10, '2024-05-01 15:22:13', 'tamamlandı'),
(11,  '2023-05-24 14:50:47', 'tamamlandı'),
(12,  '1995-05-11 10:20:12', 'tamamlandı'),
(13,  '2021-12-11 23:50:11', 'tamamlandı'),
(14,  '2015-01-11 13:22:17', 'kargoya verildi'),
(15,  '2016-09-23 16:02:00', 'tamamlandı'),
(16,  '2002-11-16 02:04:13', 'kargoya verildi'),
(17,  '2005-03-30 06:04:25', 'tamamlandı'),
(18,  '2024-08-21 15:25:55', 'tamamlandı'),
(19,  '2023-05-12 13:45:00', 'kargoya verildi'),
(20,  '2024-12-21 18:55:20', 'kargoya verildi'),
(21,  '2022-03-19 03:45:00', 'kargoya verildi'),
(22,  '2023-10-15 17:25:25', 'kargoya verildi'),
(23,  '2020-07-17 13:45:00', 'tamamlandı'),
(24,  '2024-08-19 13:45:00', 'tamamlandı'),
(25,  '2023-07-11 22:52:25', 'kargoya verildi'),
(26,  '2021-04-06 07:12:59', 'tamamlandı'),
(27,  '2022-12-26 18:19:20', 'kargoya verildi'),
(28,  '2016-05-10 16:52:01', 'tamamlandı'),
(29,  '2022-02-12 11:12:18', 'tamamlandı'),
(30,  '2024-12-28 23:52:00', 'kargoya verildi'),
(31,  '2018-08-01 09:45:55', 'tamamlandı'),
(32,  '2022-08-26 06:34:31', 'kargoya verildi'),
(33,  '2019-07-31 05:45:00', 'tamamlandı'),
(34,  '2023-04-21 16:51:31', 'tamamlandı'),
(35,  '2021-08-16 00:52:51', 'tamamlandı'),
(36,  '2021-04-14 12:09:02', 'tamamlandı'),
(37,  '2022-12-31 09:25:31', 'kargoya verildi'),
(38,  '2021-11-22 06:39:21', 'kargoya verildi'),
(39,  '2019-11-30 12:55:31', 'kargoya verildi'),
(40, '2016-06-21 16:54:22', 'tamamlandı'),
(41,  '2023-11-19 21:53:35', 'kargoya verildi'),
(42,  '2024-03-15 22:54:31', 'tamamlandı'),
(43,  '2024-02-13 22:26:31', 'tamamlandı'),
(44,  '2024-01-26 23:22:14', 'kargoya verildi'),
(45,  '2024-12-28 19:21:34', 'kargoya verildi'),
(46,  '2024-09-20 11:21:34', 'kargoya verildi'),
(47,  '2024-06-02 20:32:31', 'kargoya verildi'),
(48,  '2024-04-21 03:36:23', 'tamamlandı'),
(49,  '2024-11-26 13:54:22', 'tamamlandı'),
(50,  '2024-12-23 06:21:12', 'kargoya verildi'),
(51, '2022-11-20 22:48:49', 'tamamlandı'),
(52,  '2021-10-30 16:08:39', 'tamamlandı'),
(53,  '2020-07-22 10:54:57', 'tamamlandı'),
(54,  '2023-03-29 15:45:47', 'tamamlandı'),
(55,  '2019-06-11 10:08:38', 'tamamlandı'),
(56,  '2016-05-25 09:47:08', 'tamamlandı'),
(57,  '2023-12-13 13:52:52', 'tamamlandı'),
(58,  '2006-06-16 16:09:55', 'tamamlandı'),
(59,  '2015-06-15 18:39:39', 'tamamlandı'),
(60,  '2022-04-17 22:59:55', 'tamamlandı'),
(61, '2020-03-01 20:45:14', 'tamamlandı'),
(62,  '2015-02-08 19:35:01', 'tamamlandı'),
(63,  '2023-02-09 20:35:35', 'tamamlandı'),
(64,  '2024-01-19 15:34:27', 'kargoya verildi'),
(65,  '2012-12-22 13:59:34', 'tamamlandı'),
(66,  '2022-11-09 11:56:08', 'tamamlandı'),
(67,  '2019-10-30 10:04:56', 'tamamlandı'),
(68,  '2020-12-31 23:54:52', 'tamamlandı'),
(69,  '2020-11-14 22:28:36', 'tamamlandı'),
(68, '2020-12-31 23:54:52', 'tamamlandı'),
(70, '2019-02-26 20:32:55', 'tamamlandı'),
(71, '2012-08-19 13:54:09', 'tamamlandı'),
(72, '2016-08-19 13:05:35', 'tamamlandı'),
(73, '2015-05-03 14:05:07', 'sipariş alındı'),
(74, '2024-01-01 13:45:00', 'tamamlandı'),
(75, '2024-01-02 13:45:00', 'tamamlandı'),
(76, '2024-01-03 13:45:00', 'kargoya verildi'),
(77, '2024-01-04 13:45:00', 'kargoya verildi'),
(78, '2024-01-05 13:45:00', 'tamamlandı'),
(79, '2024-01-06 13:45:00', 'kargoya verildi'),
(80, '2024-01-07 13:45:00', 'kargoya verildi'),
(81, '2024-01-08 13:45:00', 'tamamlandı'),
(82, '2024-01-09 13:45:00', 'kargoya verildi'),
(83, '2024-01-10 13:45:00', 'tamamlandı'),
(84, '2024-01-11 13:45:00', 'kargoya verildi'),
(85, '2024-01-12 13:45:00', 'tamamlandı'),
(86, '2024-01-13 13:45:00', 'tamamlandı'),
(87, '2024-01-14 13:45:00', 'tamamlandı'),
(88, '2024-01-15 13:45:00', 'kargoya verildi'),
(89, '2024-01-16 13:45:00', 'tamamlandı'),
(90, '2024-01-17 13:45:00', 'kargoya verildi'),
(91, '2024-01-18 13:45:00', 'tamamlandı'),
(92, '2024-01-19 13:45:00', 'kargoya verildi'),
(93, '2024-01-20 13:45:00', 'tamamlandı'),
(94, '2024-01-21 13:45:00', 'kargoya verildi'),
(95, '2024-01-22 13:45:00', 'tamamlandı'),
(96, '2024-01-23 13:45:00', 'kargoya verildi'),
(97, '2024-01-24 13:45:00', 'tamamlandı'),
(98, '2024-01-25 13:45:00', 'kargoya verildi'),
(99, '2024-01-26 13:45:00', 'tamamlandı'),
(100, '2024-01-27 13:45:00', 'kargoya verildi'),
(101, '2024-01-25 13:45:00', 'tamamlandı'),
(102, '2024-01-26 13:45:00', 'tamamlandı'),
(103, '2024-01-27 13:45:00', 'tamamlandı'),
(104, '2024-01-28 13:45:00', 'kargoya verildi'),
(105, '2024-01-29 13:45:00', 'sipariş alındı'),
(106, '2024-01-30 13:45:00', 'kargoya verildi'),
(107, '2024-07-31 08:45:30', 'sipariş alındı'),
(108, '2024-07-21 09:15:00', 'kargoya verildi'),
(109, '2024-07-22 10:30:25', 'tamamlandı'),
(110, '2024-07-23 11:50:00', 'sipariş alındı'),
(111, '2024-07-24 12:35:45', 'kargoya verildi'),
(112, '2024-07-25 13:55:30', 'tamamlandı'),
(113, '2024-07-26 14:20:00', 'sipariş alındı'),
(114, '2024-07-27 15:10:25', 'kargoya verildi'),
(115, '2024-07-28 16:40:00', 'tamamlandı'),
(116, '2024-07-29 17:05:30', 'sipariş alındı'),
(117, '2024-07-30 18:15:45', 'kargoya verildi'),
(118, '2024-07-31 19:25:00', 'tamamlandı'),
(119, '2024-08-01 08:35:30', 'sipariş alındı'),
(120, '2024-08-02 09:45:00', 'kargoya verildi'),
(121, '2024-08-03 10:50:25', 'tamamlandı'),
(122, '2024-08-04 11:55:00', 'sipariş alındı'),
(123, '2024-08-05 12:40:30', 'kargoya verildi'),
(124, '2024-08-07 14:25:00', 'sipariş alındı'),
(125, '2024-08-08 15:10:30', 'kargoya verildi'),
(126, '2024-08-09 16:35:00', 'tamamlandı'),
(127, '2024-08-10 17:00:45', 'sipariş alındı'),
(128, '2024-08-11 18:15:30', 'kargoya verildi'),
(129, '2024-08-12 19:25:00', 'tamamlandı'),
(130, '2024-08-13 08:45:00', 'sipariş alındı'),
(131, '2024-08-14 09:55:30', 'kargoya verildi'),
(132, '2024-08-15 11:10:00', 'tamamlandı'),
(133, '2024-08-16 12:25:30', 'sipariş alındı'),
(134, '2024-08-17 13:15:00', 'kargoya verildi'),
(135, '2024-08-18 14:45:30', 'tamamlandı'),
(136, '2024-08-19 15:30:00', 'sipariş alındı'),
(137, '2024-08-20 16:20:45', 'kargoya verildi'),
(138, '2024-08-21 17:10:00', 'tamamlandı'),
(139, '2024-08-22 18:35:30', 'sipariş alındı'),
(140, '2024-08-23 19:20:00', 'kargoya verildi'),
(141, '2024-08-24 08:45:30', 'tamamlandı'),
(142, '2024-08-25 09:55:00', 'sipariş alındı'),
(143, '2024-08-26 10:40:45', 'kargoya verildi'),
(144, '2024-08-27 11:25:00', 'tamamlandı'),
(145, '2024-08-28 12:35:30', 'sipariş alındı'),
(146, '2024-08-29 13:15:00', 'kargoya verildi'),
(147, '2024-08-30 14:25:30', 'tamamlandı'),
(148, '2024-08-31 15:35:00', 'sipariş alındı'),
(149, '2024-09-01 16:10:30', 'kargoya verildi'),
(150, '2024-09-02 17:20:00', 'tamamlandı'),
(151, '2024-09-03 18:05:45', 'sipariş alındı'),
(152, '2024-09-04 19:15:00', 'kargoya verildi'),
(153, '2024-09-05 08:30:30', 'tamamlandı'),
(154, '2024-09-06 09:45:00', 'sipariş alındı'),
(155, '2024-09-07 10:35:30', 'kargoya verildi'),
(156, '2024-02-01 22:39:40', 'kargoya verildi'),
(157, '2024-02-02 11:36:28', 'sipariş alındı'),
(158, '2024-02-03 13:39:52', 'kargoya verildi'),
(159, '2024-02-04 03:43:52', 'kargoya verildi'),
(160, '2024-02-04 07:52:09', 'tamamlandı'),
(161, '2024-02-05 09:14:39', 'tamamlandı'),
(162, '2024-02-06 22:11:58', 'kargoya verildi'),
(163, '2024-02-07 20:45:00', 'sipariş alındı'),
(164, '2024-02-07 16:20:32', 'sipariş alındı'),
(165, '2024-02-08 19:42:35', 'tamamlandı'),
(166, '2024-02-09 07:28:13', 'tamamlandı'),
(167, '2024-02-10 19:09:38', 'kargoya verildi'),
(168, '2024-02-11 06:45:00', 'kargoya verildi'),
(169, '2024-02-12 12:06:50', 'kargoya verildi'),
(170, '2024-02-13 03:46:58', 'tamamlandı'),
(171, '2024-02-14 09:11:22', 'sipariş alındı'),
(172, '2024-02-15 05:11:18', 'sipariş alındı'),
(173, '2024-02-16 19:08:39', 'kargoya verildi'),
(174, '2024-02-17 18:28:09', 'tamamlandı'),
(175, '2024-02-18 09:22:26', 'tamamlandı'),
(176, '2024-02-19 19:55:13', 'kargoya verildi'),
(177, '2024-02-20 20:22:00', 'kargoya verildi'),
(178, '2024-02-21 23:26:08', 'kargoya verildi'),
(179, '2024-02-22 20:26:03', 'sipariş alındı'),
(180, '2024-02-23 12:25:22', 'kargoya verildi'),
(181, '2024-02-24 11:06:04', 'sipariş alındı'),
(182, '2024-02-26 09:08:22', 'sipariş alındı'),
(183, '2024-02-26 15:19:37', 'kargoya verildi'),
(184, '2024-02-27 16:13:11', 'tamamlandı'),
(185, '2024-02-22 18:55:22', 'kargoya verildi'),
(186, '2024-02-29 19:20:29', 'sipariş alındı'),
(187, '2024-02-03 16:22:22', 'kargoya verildi'),
(188, '2024-02-20 18:19:20', 'sipariş alındı'),
(189, '2024-02-01 12:09:11', 'kargoya verildi'),
(190, '2024-02-02 11:09:08', 'tamamlandı'),
(191, '2024-02-03 00:08:13', 'tamamlandı'),
(192, '2024-02-03 22:18:55', 'sipariş alındı'),
(193, '2024-02-04 17:18:23', 'sipariş alındı'),
(194, '2024-02-04 20:56:28', 'tamamlandı'),
(195, '2024-02-04 08:22:15', 'kargoya verildi'),
(196, '2024-02-05 05:06:04', 'sipariş alındı'),
(197, '2024-02-06 11:55:25', 'sipariş alındı'),
(198, '2024-02-07 21:02:52', 'kargoya verildi'),
(199, '2024-02-08 05:22:05', 'tamamlandı'),
(200, '2024-02-08 02:05:05', 'tamamlandı'),
(201, '2024-02-09 21:25:05', 'kargoya verildi'),
(202, '2024-02-10 05:59:05', 'sipariş alındı'),
(203, '2024-02-11 08:22:05', 'sipariş alındı'),
(204, '2024-02-11 12:08:52', 'kargoya verildi'),
(205, '2024-02-10 10:55:05', 'tamamlandı'),
(206,  '2024-02-13 02:55:52', 'kargoya verildi'),
(207,  '2024-02-14 16:08:45', 'tamamlandı'),
(208,  '2024-02-15 13:45:00', 'kargoya verildi'),
(209,  '2024-02-16 13:45:09', 'sipariş alındı'),
(210, '2024-02-17 18:52:08', 'sipariş alındı'),
(211,  '2024-04-18 11:45:00', 'kargoya verildi'),
(212,  '2024-03-19 09:07:05', 'sipariş alındı'),
(213,  '2024-02-20 09:45:05', 'tamamlandı'),
(214, '2024-01-21 13:28:55', 'kargoya verildi'),
(215,  '2024-02-22 22:05:52', 'tamamlandı'),
(216,  '2024-03-01 14:30:00', 'kargoya verildi'),
(217,  '2024-03-02 15:00:00', 'kargoya verildi'),
(218,  '2024-03-02 15:00:00', 'kargoya verildi'),
(219,  '2024-03-03 16:15:00', 'sipariş alındı'),
(220,  '2024-03-03 16:15:00', 'kargoya verildi'),
(221,  '2024-03-04 17:00:00', 'tamamlandı'),
(222,  '2024-03-04 17:00:00', 'kargoya verildi'),
(223,  '2024-03-05 18:30:00', 'kargoya verildi'),
(224,  '2024-03-05 18:30:00', 'sipariş alındı'),
(225,  '2024-03-06 19:45:00', 'kargoya verildi'),
(226,  '2024-03-06 19:45:00', 'tamamlandı'),
(227,  '2024-03-07 20:00:00', 'sipariş alındı'),
(228,  '2024-03-07 20:00:00', 'kargoya verildi'),
(229,  '2024-03-08 21:15:00', 'kargoya verildi'),
(230,  '2024-03-08 21:15:00', 'tamamlandı'),
(231,  '2024-03-09 22:00:00', 'sipariş alındı'),
(232,  '2024-03-20 19:00:00', 'kargoya verildi'),
(233,  '2024-03-21 19:30:00', 'sipariş alındı'),
(234,  '2024-03-22 20:00:00', 'kargoya verildi'),
(235,  '2024-03-23 20:30:00', 'tamamlandı'),
(236,  '2024-03-24 21:00:00', 'kargoya verildi'),
(237,  '2024-03-25 21:30:00', 'sipariş alındı'),
(238, '2024-03-26 22:00:00', 'kargoya verildi'),
(239,  '2024-03-27 22:30:00', 'tamamlandı'),
(240,  '2024-03-28 23:00:00', 'sipariş alındı'),
(241, '2024-03-29 23:30:00', 'kargoya verildi'),
(242, '2024-03-30 10:00:00', 'tamamlandı'),
(243, '2024-03-31 10:30:00', 'sipariş alındı'),
(244, '2024-04-01 11:00:00', 'kargoya verildi'),
(245, '2024-04-02 11:30:00', 'tamamlandı'),
(246, '2024-04-03 12:00:00', 'kargoya verildi'),
(247, '2024-04-04 12:30:00', 'sipariş alındı'),
(248, '2024-04-05 13:00:00', 'kargoya verildi'),
(249, '2024-04-06 13:30:00', 'tamamlandı'),
(250, '2024-04-07 14:00:00', 'sipariş alındı'),
(251, '2024-04-08 14:30:00', 'kargoya verildi'),
(252, '2024-04-09 15:00:00', 'tamamlandı'),
(253, '2024-04-10 15:30:00', 'sipariş alındı'),
(254, '2024-04-11 16:00:00', 'kargoya verildi'),
(255, '2024-04-12 16:30:00', 'tamamlandı'),
(256, '2024-04-13 17:00:00', 'kargoya verildi'),
(257, '2024-04-14 17:30:00', 'sipariş alındı'),
(258, '2024-04-15 18:00:00', 'kargoya verildi'),
(259, '2024-04-16 18:30:00', 'tamamlandı'),
(260, '2024-04-17 19:00:00', 'sipariş alındı'),
(261, '2024-04-18 19:30:00', 'kargoya verildi'),
(262, '2024-04-19 20:00:00', 'sipariş alındı'),
(263, '2024-04-20 20:30:00', 'kargoya verildi'),
(264, '2024-04-21 21:00:00', 'tamamlandı'),
(265, '2024-04-22 21:30:00', 'sipariş alındı'),
(266, '2024-04-23 22:00:00', 'kargoya verildi'),
(267, '2024-04-24 22:30:00', 'tamamlandı'),
(268, '2024-04-25 23:00:00', 'sipariş alındı'),
(269, '2024-04-26 23:30:00', 'kargoya verildi'),
(270, '2024-04-27 10:00:00', 'tamamlandı'),
(271, '2024-04-28 10:30:00', 'sipariş alındı'),
(272, '2024-04-29 11:00:00', 'kargoya verildi'),
(273, '2024-04-30 11:30:00', 'tamamlandı'),
(274, '2024-05-01 12:00:00', 'sipariş alındı'),
(275, '2024-05-02 12:30:00', 'kargoya verildi'),
(276, '2024-05-03 13:00:00', 'tamamlandı'),
(277, '2024-05-04 13:30:00', 'sipariş alındı'),
(278, '2024-05-05 14:00:00', 'kargoya verildi'),
(279, '2024-05-06 14:30:00', 'tamamlandı'),
(280, '2024-05-07 15:00:00', 'sipariş alındı'),
(281, '2024-05-08 15:30:00', 'kargoya verildi'),
(282, '2024-05-09 16:00:00', 'tamamlandı'),
(283, '2024-05-10 16:30:00', 'sipariş alındı'),
(284, '2024-05-11 17:00:00', 'kargoya verildi'),
(285, '2024-05-12 17:30:00', 'tamamlandı'),
(286, '2024-05-13 18:00:00', 'sipariş alındı'),
(287, '2024-05-14 18:30:00', 'kargoya verildi'),
(288, '2024-05-15 19:00:00', 'tamamlandı'),
(289, '2024-05-16 19:30:00', 'sipariş alındı'),
(290, '2024-05-17 20:00:00', 'kargoya verildi'),
(291, '2024-05-18 20:30:00', 'tamamlandı'),
(292, '2024-05-19 21:00:00', 'sipariş alındı'),
(293, '2024-05-20 21:30:00', 'kargoya verildi'),
(294, '2024-05-21 22:00:00', 'tamamlandı'),
(295, '2024-05-22 22:30:00', 'sipariş alındı'),
(296, '2024-05-23 23:00:00', 'kargoya verildi'),
(297, '2024-05-24 23:30:00', 'tamamlandı'),
(298, '2024-05-25 10:00:00', 'sipariş alındı'),
(299, '2024-05-26 10:30:00', 'kargoya verildi'),
(300, '2024-05-27 11:00:00', 'tamamlandı'),
(301, '2024-02-08 02:05:05', 'tamamlandı'),
(302, '2024-02-09 21:25:05', 'kargoya verildi'),
(303, '2024-02-10 05:59:05', 'sipariş alındı'),
(304, '2024-02-11 08:22:05', 'sipariş alındı'),
(305, '2024-02-11 12:08:52', 'kargoya verildi'),
(306, '2024-02-10 10:55:05', 'tamamlandı'),
(307, '2024-02-13 02:55:52', 'kargoya verildi'),
(308, '2024-02-14 16:08:45', 'tamamlandı'),
(309, '2024-02-15 13:45:00', 'kargoya verildi'),
(310, '2024-02-16 13:45:09', 'sipariş alındı'),
(311, '2024-02-17 18:52:08', 'sipariş alındı'),
(312, '2024-04-18 11:45:00', 'kargoya verildi'),
(313, '2024-03-19 09:07:05', 'sipariş alındı'),
(314, '2024-02-20 09:45:05', 'tamamlandı'),
(315, '2024-01-21 13:28:55', 'kargoya verildi'),
(316, '2024-02-22 22:05:52', 'tamamlandı'),
(317, '2024-03-01 14:30:00', 'kargoya verildi'),
(318, '2024-03-02 15:00:00', 'kargoya verildi'),
(319, '2024-03-02 15:00:00', 'kargoya verildi'),
(320, '2024-03-03 16:15:00', 'sipariş alındı'),
(321, '2024-03-03 16:15:00', 'kargoya verildi'),
(322, '2024-03-04 17:00:00', 'tamamlandı'),
(323, '2024-03-04 17:00:00', 'kargoya verildi'),
(324, '2024-03-05 18:30:00', 'kargoya verildi'),
(325, '2024-03-05 18:30:00', 'sipariş alındı'),
(326, '2024-03-06 19:45:00', 'kargoya verildi'),
(327, '2024-03-06 19:45:00', 'tamamlandı'),
(328, '2024-03-07 20:00:00', 'sipariş alındı'),
(329, '2024-03-07 20:00:00', 'kargoya verildi'),
(330, '2024-03-08 21:15:00', 'kargoya verildi'),
(331, '2024-03-08 21:15:00', 'tamamlandı'),
(332, '2024-03-09 22:00:00', 'sipariş alındı'),
(333, '2024-03-20 19:00:00', 'kargoya verildi'),
(334, '2024-03-21 19:30:00', 'sipariş alındı'),
(335, '2024-03-22 20:00:00', 'kargoya verildi'),
(336, '2024-03-23 20:30:00', 'tamamlandı'),
(337, '2024-03-24 21:00:00', 'kargoya verildi'),
(338, '2024-03-25 21:30:00', 'sipariş alındı'),
(339, '2024-03-26 22:00:00', 'kargoya verildi'),
(340, '2024-03-27 22:30:00', 'tamamlandı'),
(341, '2024-03-28 23:00:00', 'sipariş alındı'),
(342, '2024-03-29 23:30:00', 'kargoya verildi'),
(343, '2024-03-30 10:00:00', 'tamamlandı'),
(344, '2024-03-31 10:30:00', 'sipariş alındı'),
(345, '2024-04-01 11:00:00', 'kargoya verildi'),
(346, '2024-04-02 11:30:00', 'tamamlandı'),
(347, '2024-04-03 12:00:00', 'kargoya verildi'),
(348, '2024-04-04 12:30:00', 'sipariş alındı'),
(349, '2024-04-05 13:00:00', 'kargoya verildi'),
(350, '2024-04-06 13:30:00', 'tamamlandı'),
(351, '2024-04-07 14:00:00', 'sipariş alındı'),
(352, '2024-04-08 14:30:00', 'kargoya verildi'),
(353, '2024-04-09 15:00:00', 'tamamlandı'),
(354, '2024-04-10 15:30:00', 'sipariş alındı'),
(355, '2024-04-11 16:00:00', 'kargoya verildi'),
(356, '2024-04-12 16:30:00', 'tamamlandı'),
(357, '2024-04-13 17:00:00', 'kargoya verildi'),
(358, '2024-04-14 17:30:00', 'sipariş alındı'),
(359, '2024-04-15 18:00:00', 'kargoya verildi'),
(360, '2024-04-16 18:30:00', 'tamamlandı'),
(361, '2024-04-17 19:00:00', 'sipariş alındı'),
(362, '2024-04-18 19:30:00', 'kargoya verildi'),
(363, '2024-04-19 20:00:00', 'sipariş alındı'),
(364, '2024-04-20 20:30:00', 'kargoya verildi'),
(365, '2024-04-21 21:00:00', 'tamamlandı'),
(366, '2024-04-22 21:30:00', 'sipariş alındı'),
(367, '2024-04-23 22:00:00', 'kargoya verildi'),
(368, '2024-04-24 22:30:00', 'tamamlandı'),
(369, '2024-04-25 23:00:00', 'sipariş alındı'),
(370, '2024-04-26 23:30:00', 'kargoya verildi'),
(371, '2024-04-27 10:00:00', 'tamamlandı'),
(372, '2024-04-28 10:30:00', 'sipariş alındı'),
(373, '2024-04-29 11:00:00', 'kargoya verildi'),
(374, '2024-04-30 11:30:00', 'tamamlandı'),
(375, '2024-05-01 12:00:00', 'sipariş alındı'),
(376, '2024-05-02 12:30:00', 'kargoya verildi'),
(377, '2024-05-03 13:00:00', 'tamamlandı'),
(378, '2024-05-04 13:30:00', 'sipariş alındı'),
(379, '2024-05-05 14:00:00', 'kargoya verildi'),
(380, '2024-05-06 14:30:00', 'tamamlandı'),
(381, '2024-05-07 15:00:00', 'sipariş alındı'),
(382, '2024-05-08 15:30:00', 'kargoya verildi'),
(383, '2024-05-09 16:00:00', 'tamamlandı'),
(384, '2024-05-10 16:30:00', 'sipariş alındı'),
(385, '2024-05-11 17:00:00', 'kargoya verildi'),
(386, '2024-05-12 17:30:00', 'tamamlandı'),
(387, '2024-05-13 18:00:00', 'sipariş alındı'),
(388, '2024-05-14 18:30:00', 'kargoya verildi'),
(389, '2024-05-15 19:00:00', 'tamamlandı'),
(390, '2024-05-16 19:30:00', 'sipariş alındı'),
(391, '2024-05-17 20:00:00', 'kargoya verildi'),
(392, '2024-05-18 20:30:00', 'tamamlandı'),
(393, '2024-05-19 21:00:00', 'sipariş alındı'),
(394, '2024-05-20 21:30:00', 'kargoya verildi'),
(395, '2024-05-21 22:00:00', 'tamamlandı'),
(396, '2024-05-22 22:30:00', 'sipariş alındı'),
(397, '2024-05-23 23:00:00', 'kargoya verildi'),
(398, '2024-05-24 23:30:00', 'tamamlandı'),
(399, '2024-05-25 10:00:00', 'sipariş alındı'),
(400, '2024-05-26 10:30:00', 'kargoya verildi'),
(401, '2024-05-27 11:00:00', 'tamamlandı'),
(402, '2024-05-28 11:30:00', 'sipariş alındı'),
(403, '2024-05-29 12:00:00', 'kargoya verildi'),
(404, '2024-05-30 12:30:00', 'tamamlandı'),
(405, '2024-05-31 13:00:00', 'sipariş alındı'),
(406, '2024-06-01 13:30:00', 'kargoya verildi'),
(407, '2024-06-02 14:00:00', 'tamamlandı'),
(408, '2024-06-03 14:30:00', 'sipariş alındı'),
(409, '2024-06-04 15:00:00', 'kargoya verildi'),
(410, '2024-06-05 15:30:00', 'tamamlandı'),
(411, '2024-06-06 16:00:00', 'sipariş alındı'),
(412, '2024-06-07 16:30:00', 'kargoya verildi'),
(413, '2024-06-08 17:00:00', 'tamamlandı'),
(414, '2024-06-09 17:30:00', 'sipariş alındı'),
(415, '2024-06-10 18:00:00', 'kargoya verildi'),
(416, '2024-06-11 18:30:00', 'tamamlandı'),
(417, '2024-06-12 19:00:00', 'sipariş alındı'),
(418, '2024-06-13 19:30:00', 'kargoya verildi'),
(419, '2024-06-14 20:00:00', 'tamamlandı'),
(420, '2024-06-15 20:30:00', 'sipariş alındı'),
(421, '2024-06-16 21:00:00', 'kargoya verildi'),
(422, '2024-06-17 21:30:00', 'tamamlandı'),
(423, '2024-07-28 16:00:00', 'sipariş alındı'),
(424, '2024-07-29 16:30:00', 'kargoya verildi'),
(425, '2024-07-30 17:00:00', 'tamamlandı'),
(426, '2024-07-31 17:30:00', 'sipariş alındı'),
(427, '2024-08-01 18:00:00', 'kargoya verildi'),
(428, '2024-08-02 18:30:00', 'tamamlandı'),
(429, '2024-08-03 19:00:00', 'sipariş alındı'),
(430, '2024-08-04 19:30:00', 'kargoya verildi'),
(431, '2024-08-05 20:00:00', 'tamamlandı'),
(432, '2024-08-06 20:30:00', 'sipariş alındı'),
(433, '2024-08-07 21:00:00', 'kargoya verildi'),
(434, '2024-08-08 21:30:00', 'tamamlandı'),
(435, '2024-08-09 22:00:00', 'sipariş alındı'),
(436, '2024-08-10 22:30:00', 'kargoya verildi'),
(437, '2024-08-11 23:00:00', 'tamamlandı'),
(438, '2024-08-12 23:30:00', 'sipariş alındı'),
(439, '2024-08-13 00:00:00', 'kargoya verildi'),
(440, '2024-08-14 00:30:00', 'tamamlandı'),
(441, '2024-08-15 01:00:00', 'sipariş alındı'),
(442, '2024-08-16 01:30:00', 'kargoya verildi'),
(443, '2024-08-17 02:00:00', 'tamamlandı'),
(444, '2024-08-18 02:30:00', 'sipariş alındı'),
(445, '2024-08-19 03:00:00', 'kargoya verildi'),
(446, '2024-08-20 03:30:00', 'tamamlandı'),
(447, '2024-08-21 04:00:00', 'sipariş alındı'),
(448, '2024-08-22 04:30:00', 'kargoya verildi'),
(449, '2024-08-23 05:00:00', 'tamamlandı'),
(450, '2024-08-24 05:30:00', 'sipariş alındı'),
(451, '2024-08-25 06:00:00', 'kargoya verildi'),
(452, '2024-08-26 06:30:00', 'tamamlandı'),
(453, '2024-08-27 07:00:00', 'sipariş alındı'),
(454, '2024-08-28 07:30:00', 'kargoya verildi'),
(455, '2024-08-29 08:00:00', 'tamamlandı'),
(456, '2024-08-30 08:30:00', 'sipariş alındı'),
(457, '2024-08-31 09:00:00', 'kargoya verildi'),
(458, '2024-09-01 09:30:00', 'tamamlandı'),
(459, '2024-09-02 10:00:00', 'sipariş alındı'),
(460, '2024-09-03 10:30:00', 'kargoya verildi'),
(461, '2024-09-04 11:00:00', 'tamamlandı'),
(462, '2024-09-05 11:30:00', 'sipariş alındı'),
(463, '2024-09-06 12:00:00', 'kargoya verildi'),
(464, '2024-09-07 12:30:00', 'tamamlandı'),
(465, '2024-09-08 13:00:00', 'sipariş alındı'),
(466, '2024-09-09 13:30:00', 'kargoya verildi'),
(467, '2024-09-10 14:00:00', 'tamamlandı'),
(468, '2024-09-11 14:30:00', 'sipariş alındı'),
(469, '2024-09-12 15:00:00', 'kargoya verildi'),
(470, '2024-09-13 15:30:00', 'tamamlandı'),
(471, '2024-09-14 16:00:00', 'sipariş alındı'),
(472, '2024-09-15 16:30:00', 'kargoya verildi'),
(473, '2024-09-16 17:00:00', 'tamamlandı'),
(474, '2024-09-17 17:30:00', 'sipariş alındı'),
(475, '2024-09-18 18:00:00', 'kargoya verildi'),
(476, '2024-09-19 18:30:00', 'tamamlandı'),
(477, '2024-09-20 19:00:00', 'sipariş alındı'),
(478, '2024-09-21 19:30:00', 'kargoya verildi'),
(479, '2024-09-22 20:00:00', 'tamamlandı'),
(480, '2024-09-23 20:30:00', 'sipariş alındı'),
(481, '2024-09-24 21:00:00', 'kargoya verildi'),
(482, '2024-09-25 21:30:00', 'tamamlandı'),
(483, '2024-09-26 22:00:00', 'sipariş alındı'),
(484, '2024-09-27 22:30:00', 'kargoya verildi'),
(485, '2024-09-28 23:00:00', 'tamamlandı'),
(486, '2024-09-29 23:30:00', 'sipariş alındı'),
(487, '2024-09-30 23:59:00', 'kargoya verildi'),
(488, '2024-10-01 00:30:00', 'tamamlandı'),
(489, '2024-10-02 01:00:00', 'sipariş alındı'),
(490, '2024-10-03 01:30:00', 'kargoya verildi'),
(491, '2024-10-04 02:00:00', 'tamamlandı'),
(492, '2024-10-05 02:30:00', 'sipariş alındı'),
(493, '2024-10-06 03:00:00', 'kargoya verildi'),
(494, '2024-10-07 03:30:00', 'tamamlandı'),
(495, '2024-10-08 04:00:00', 'sipariş alındı'),
(496, '2024-10-09 04:30:00', 'kargoya verildi'),
(497, '2024-10-10 05:00:00', 'tamamlandı'),
(498, '2024-10-11 05:30:00', 'sipariş alındı'),
(499, '2024-10-12 06:00:00', 'kargoya verildi'),
(500, '2024-10-13 06:30:00', 'tamamlandı'),
(501, '2024-10-12 06:05:45', 'kargoya verildi'),
(502, '2024-10-13 06:30:10', 'sipariş alındı'),
(503, '2024-10-14 07:00:22', 'tamamlandı'),
(504, '2024-10-15 07:30:35', 'kargoya verildi'),
(505, '2024-10-16 08:05:12', 'sipariş alındı'),
(506, '2024-10-17 08:30:45', 'kargoya verildi'),
(507, '2024-10-18 09:00:20', 'tamamlandı'),
(508, '2024-10-19 09:30:55', 'sipariş alındı'),
(509, '2024-10-20 10:05:30', 'kargoya verildi'),
(510, '2024-10-21 10:30:22', 'tamamlandı'),
(511, '2024-10-22 11:00:12', 'sipariş alındı'),
(512, '2024-10-23 11:30:45', 'kargoya verildi'),
(513, '2024-10-24 12:05:20', 'tamamlandı'),
(514, '2024-10-25 12:30:55', 'sipariş alındı'),
(515, '2024-10-26 13:00:30', 'kargoya verildi'),
(516, '2024-10-27 13:30:12', 'tamamlandı'),
(517, '2024-10-28 14:05:22', 'sipariş alındı'),
(518, '2024-10-29 14:30:50', 'kargoya verildi'),
(519, '2024-10-30 15:00:12', 'tamamlandı'),
(520, '2024-10-31 15:30:45', 'sipariş alındı'),
(521, '2024-11-01 16:05:20', 'kargoya verildi'),
(522, '2024-11-02 16:30:33', 'tamamlandı'),
(523, '2024-11-03 17:00:10', 'sipariş alındı'),
(524, '2024-11-04 17:30:55', 'kargoya verildi'),
(525, '2024-11-05 18:05:22', 'tamamlandı'),
(526, '2024-11-06 18:30:45', 'sipariş alındı'),
(527, '2024-11-07 19:00:12', 'kargoya verildi'),
(528, '2024-11-08 19:30:25', 'tamamlandı'),
(529, '2024-11-09 20:05:50', 'sipariş alındı'),
(530, '2024-11-10 20:30:12', 'kargoya verildi'),
(531, '2024-11-11 21:00:45', 'tamamlandı'),
(532, '2024-11-12 21:30:20', 'sipariş alındı'),
(533, '2024-11-13 22:05:33', 'kargoya verildi'),
(534, '2024-11-14 22:30:50', 'tamamlandı'),
(535, '2024-11-15 23:00:12', 'sipariş alındı'),
(536, '2024-11-16 23:30:45', 'kargoya verildi'),
(537, '2024-11-17 00:05:22', 'tamamlandı'),
(538, '2024-11-18 00:30:55', 'sipariş alındı'),
(539, '2024-11-19 01:00:12', 'kargoya verildi'),
(540, '2024-11-20 01:30:45', 'tamamlandı'),
(541, '2024-11-21 02:05:22', 'sipariş alındı'),
(542, '2024-11-22 02:30:55', 'kargoya verildi'),
(543, '2024-11-23 03:00:12', 'tamamlandı'),
(544, '2024-11-24 03:30:45', 'sipariş alındı'),
(545, '2024-11-25 04:05:22', 'kargoya verildi'),
(546, '2024-11-26 04:30:50', 'sipariş alındı'),
(547, '2024-11-27 05:00:33', 'tamamlandı'),
(548, '2024-11-28 05:30:12', 'kargoya verildi'),
(549, '2024-11-29 06:05:45', 'sipariş alındı'),
(550, '2024-11-30 06:30:20', 'tamamlandı'),
(550, '2024-11-30 06:30:20', 'tamamlandı'),
(551, '2024-12-01 07:00:10', 'kargoya verildi'),
(552, '2024-12-02 07:30:45', 'sipariş alındı'),
(553, '2024-12-03 08:00:22', 'tamamlandı'),
(554, '2024-12-04 08:30:50', 'kargoya verildi'),
(555, '2024-12-05 09:05:33', 'sipariş alındı'),
(556, '2024-12-06 09:30:12', 'tamamlandı'),
(557, '2024-12-07 10:00:45', 'kargoya verildi'),
(558, '2024-12-08 10:30:22', 'sipariş alındı'),
(559, '2024-12-09 11:05:30', 'tamamlandı'),
(560, '2024-12-10 11:30:55', 'kargoya verildi'),
(561, '2024-12-11 12:00:12', 'sipariş alındı'),
(562, '2024-12-12 12:30:45', 'tamamlandı'),
(563, '2024-12-13 13:05:30', 'kargoya verildi'),
(564, '2024-12-14 13:30:22', 'sipariş alındı'),
(565, '2024-12-15 14:00:10', 'tamamlandı'),
(566, '2024-12-16 14:30:55', 'kargoya verildi'),
(567, '2024-12-17 15:00:12', 'sipariş alındı'),
(568, '2024-12-18 15:30:45', 'tamamlandı'),
(569, '2024-12-19 16:05:30', 'kargoya verildi'),
(570, '2024-12-20 16:30:22', 'sipariş alındı'),
(571, '2024-12-21 17:00:10', 'tamamlandı'),
(572, '2024-12-22 17:30:55', 'kargoya verildi'),
(573, '2024-12-23 18:05:12', 'sipariş alındı'),
(574, '2024-12-24 18:30:45', 'tamamlandı'),
(575, '2024-12-25 19:00:22', 'kargoya verildi'),
(576, '2024-12-26 19:30:50', 'sipariş alındı'),
(577, '2024-12-27 20:05:12', 'tamamlandı'),
(578, '2024-12-28 20:30:45', 'kargoya verildi'),
(579, '2024-12-29 21:00:22', 'sipariş alındı'),
(580, '2024-12-30 21:30:50', 'tamamlandı'),
(581, '2024-12-31 22:05:30', 'kargoya verildi'),
(582, '2025-01-01 22:30:12', 'sipariş alındı'),
(583, '2025-01-02 23:00:45', 'tamamlandı'),
(584, '2025-01-03 23:30:22', 'kargoya verildi'),
(585, '2025-01-04 00:05:12', 'sipariş alındı'),
(586, '2025-01-05 00:30:50', 'tamamlandı'),
(587, '2025-01-06 01:00:22', 'kargoya verildi'),
(588, '2025-01-07 01:30:55', 'sipariş alındı'),
(589, '2025-01-08 02:05:12', 'tamamlandı'),
(590, '2025-01-09 02:30:45', 'kargoya verildi'),
(591, '2025-01-10 03:00:22', 'sipariş alındı'),
(592, '2025-01-11 03:30:55', 'tamamlandı'),
(593, '2025-01-12 04:05:12', 'kargoya verildi'),
(594, '2025-01-13 04:30:45', 'sipariş alındı'),
(595, '2025-01-14 05:00:22', 'tamamlandı'),
(596, '2025-01-15 05:30:55', 'kargoya verildi'),
(597, '2025-01-16 06:00:12', 'sipariş alındı'),
(598, '2025-01-17 06:30:45', 'tamamlandı'),
(599, '2025-01-18 07:05:30', 'kargoya verildi'),
(600, '2025-01-19 07:30:22', 'sipariş alındı');*/


CREATE TABLE payments(
payment_Id INT PRIMARY KEY AUTO_INCREMENT,
order_Id int,
payment_date datetime,
amount int,
FOREIGN KEY(order_Id) REFERENCES orders(order_Id)

);
select * from payments;

INSERT INTO payments (order_Id,payment_date,amount)
Values
(1, '2005-05-26 00:37:28', 123),
(2, '2005-05-28 10:35:23', 250),
(3, '2005-06-15 00:54:12', 456),
(4, '2005-06-15 18:02:53', 789),
(5, '2005-06-15 21:08:46', 234),
(6, '2005-06-16 15:18:57', 567),
(7, '2005-06-18 08:41:48', 890),
(8, '2005-06-18 13:33:59', 345),
(9, '2005-06-21 06:24:45', 678),
(10, '2005-07-08 03:17:05', 901),
(11, '2005-07-08 07:33:56', 234),
(12, '2005-07-09 13:24:07', 567),
(13, '2005-07-09 16:38:01', 890),
(14, '2005-07-11 10:13:46', 345),
(15, '2005-07-27 11:31:22', 678),
(16, '2005-07-28 09:04:45', 901),
(17, '2005-07-28 16:18:23', 234),
(18, '2005-07-28 17:33:39', 567),
(19, '2005-07-28 19:20:07', 890),
(20, '2005-07-29 03:58:49', 345),
(21, '2005-07-31 02:42:18', 678),
(22, '2005-08-01 08:51:04', 901),
(23, '2005-08-02 15:36:52', 234),
(24, '2005-08-02 18:01:38', 567),
(25, '2005-08-17 12:37:54', 890),
(26, '2005-08-18 03:57:29', 345),
(27, '2005-08-19 09:55:16', 678),
(28, '2005-08-19 13:56:54', 901),
(29, '2005-08-21 23:33:57', 234),
(30, '2005-08-22 01:27:57', 567),
(31, '2005-08-22 19:41:37', 890),
(32, '2005-08-22 20:03:46', 345),
(33, '2005-05-27 00:09:24', 678),
(34, '2005-06-17 20:54:58', 901),
(35, '2005-07-10 06:31:24', 234),
(36, '2005-07-10 12:38:56', 567),
(37, '2005-07-27 14:30:42', 890),
(38, '2005-07-27 15:23:02', 345),
(39, '2005-07-27 18:40:20', 678),
(40, '2005-07-29 00:12:59', 901),
(41, '2005-07-29 12:56:59', 234),
(42, '2005-07-29 17:14:29', 567),
(43, '2005-07-30 06:06:10', 890),
(44, '2005-07-30 13:47:43', 345),
(45, '2005-07-30 14:14:11', 678),
(46, '2005-07-30 16:21:13', 901),
(47, '2005-07-30 22:39:53', 234),
(48, '2005-07-31 21:58:56', 567),
(49, '2005-08-01 09:45:26', 890),
(50, '2005-08-02 02:10:56', 345),
(51, '2005-08-02 07:41:41', 678),
(52, '2005-08-02 10:43:48', 901),
(53, '2005-08-02 13:44:53', 234),
(54, '2005-08-17 03:52:18', 567),
(55, '2005-08-19 06:26:04', 890),
(56, '2005-08-21 13:24:32', 345),
(57, '2005-08-21 22:41:56', 678),
(58, '2005-08-22 13:53:04', 901),
(59, '2005-08-23 17:39:35', 234),
(60, '2005-05-27 17:17:09', 567),
(61, '2005-05-29 22:43:55', 890),
(62, '2005-06-16 01:34:05', 345),
(63, '2005-06-16 15:19:10', 678),
(64, '2005-06-17 05:15:15', 901),
(65, '2005-06-19 08:34:53', 234),
(66, '2005-07-07 10:23:25', 567),
(67, '2005-07-08 12:47:11', 890),
(68, '2005-07-27 04:54:42', 345),
(69, '2005-07-27 20:23:12', 678),
(70, '2005-07-28 03:59:21', 901),
(71, '2005-07-28 04:46:30', 234),
(72, '2005-07-28 11:46:45', 567),
(73, '2005-07-28 18:17:14', 890),
(74, '2005-07-29 11:07:04', 345),
(75, '2005-07-30 13:31:20', 678),
(76, '2005-07-30 21:45:46', 901),
(77, '2005-07-31 03:27:58', 234),
(78, '2005-07-31 11:32:58', 567),
(79, '2005-08-01 14:19:48', 890),
(80, '2005-08-18 14:49:55', 345),
(81, '2005-08-19 22:18:07', 675),
(82, '2005-08-20 06:14:12', 901),
(83, '2005-08-21 20:50:48', 234),
(84, '2005-08-22 09:37:27', 567),
(85, '2005-08-23 07:10:14', 890),
(86, '2005-06-15 09:31:28', 345),
(87, '2005-06-16 08:08:40', 678),
(88, '2005-06-16 14:01:27', 901),
(89, '2005-06-16 15:51:52', 234),
(90, '2005-06-17 14:31:12', 567),
(91, '2005-06-19 09:39:01', 890),
(92, '2005-07-28 02:10:10', 345),
(93, '2005-07-28 04:37:59', 678),
(94, '2005-07-29 18:44:57', 901),
(95, '2005-07-30 08:46:09', 234),
(96, '2005-07-30 18:58:00', 567),
(97, '2005-08-02 07:09:34', 890),
(98, '2005-08-02 08:20:31', 345),
(99, '2005-08-17 00:28:01', 678),
(100, '2005-08-18 00:14:03', 901),
(101, '2005-08-20 15:09:47', 234),
(102, '2005-08-22 02:51:22', 567),
(103, '2005-08-23 00:20:32', 890),
(104, '2005-08-23 03:20:29', 345),
(105, '2005-08-24 01:02:31', 456),
(106, '2005-08-24 03:45:58', 789),
(107, '2005-08-24 05:14:28', 234),
(108, '2005-08-24 08:39:59', 567),
(109, '2005-08-24 11:22:44', 890),
(110, '2005-08-24 14:13:56', 345),
(111, '2005-08-24 16:24:13', 678),
(112, '2005-08-24 18:55:36', 901),
(113, '2005-08-24 20:43:20', 234),
(114, '2005-08-24 22:15:47', 567),
(115, '2005-08-25 00:44:08', 890),
(116, '2005-08-25 02:12:33', 345),
(117, '2005-08-25 05:27:21', 678),
(118, '2005-08-25 07:44:40', 901),
(119, '2005-08-25 10:16:11', 234),
(120, '2005-08-25 13:35:07', 567),
(121, '2005-08-25 16:20:12', 890),
(122, '2005-08-25 18:37:53', 345),
(123, '2005-08-25 21:05:48', 678),
(124, '2005-08-26 00:27:37', 901),
(125, '2005-08-26 03:32:15', 234),
(126, '2005-08-26 07:18:59', 567),
(127, '2005-08-26 09:54:48', 890),
(128, '2005-08-26 13:12:32', 345),
(129, '2005-08-26 15:25:43', 678),
(130, '2005-08-26 18:05:53', 901),
(131, '2005-08-26 20:50:24', 234),
(132, '2005-08-27 01:43:18', 567),
(133, '2005-08-27 04:32:41', 890),
(134, '2005-08-27 07:14:17', 345),
(135, '2005-08-27 09:58:29', 678),
(136, '2005-08-27 12:44:02', 901),
(137, '2005-08-27 15:11:26', 234),
(138, '2005-08-27 18:30:11', 567),
(139, '2005-08-27 21:06:23', 890),
(140, '2005-08-28 01:34:50', 345),
(141, '2005-08-28 04:27:56', 678),
(142, '2005-08-28 07:18:23', 901),
(143, '2005-08-28 10:44:17', 234),
(144, '2005-08-28 13:58:32', 567),
(145, '2005-08-28 16:23:04', 890),
(146, '2005-08-28 19:47:59', 345),
(147, '2005-08-28 22:12:34', 678),
(148, '2005-08-29 01:38:21', 901),
(149, '2005-08-29 05:06:42', 234),
(150, '2005-08-29 08:23:31', 567),
(151, '2005-08-29 11:51:10', 890),
(152, '2005-08-29 15:23:42', 345),
(153, '2005-08-29 18:50:01', 678),
(154, '2005-08-29 21:37:36', 901),
(155, '2005-08-30 01:05:45', 234),
(156, '2005-08-30 03:42:50', 567),
(157, '2005-08-30 07:21:32', 890),
(158, '2005-08-30 10:45:08', 345),
(159, '2005-08-30 13:37:54', 678),
(160, '2005-08-30 16:29:23', 901),
(161, '2005-08-30 19:05:19', 234),
(162, '2005-08-30 21:33:41', 567),
(163, '2005-08-31 00:10:22', 890),
(164, '2005-08-31 03:48:03', 345),
(165, '2005-08-31 06:22:48', 678),
(166, '2005-08-31 09:01:47', 901),
(167, '2005-08-31 12:23:36', 234),
(168, '2005-08-31 15:04:26', 567),
(169, '2005-08-31 18:37:59', 890),
(170, '2005-08-31 21:02:34', 345),
(171, '2005-09-01 01:22:41', 678),
(172, '2005-09-01 04:05:29', 901),
(173, '2005-09-01 06:52:12', 234),
(174, '2005-09-01 09:44:58', 567),
(175, '2005-09-01 12:31:27', 890),
(176, '2005-09-01 15:24:09', 345),
(177, '2005-09-01 18:22:59', 678),
(178, '2005-09-01 21:06:41', 901),
(179, '2005-09-02 00:30:21', 234),
(180, '2005-09-02 03:02:17', 567),
(181, '2005-09-02 06:14:55', 890),
(182, '2005-09-02 09:38:43', 345),
(183, '2005-09-02 12:56:14', 678),
(184, '2005-09-02 15:42:38', 901),
(185, '2005-09-02 18:23:22', 234),
(186, '2005-09-02 21:11:05', 567),
(187, '2005-09-03 00:28:57', 890),
(188, '2005-09-03 03:18:31', 345),
(189, '2005-09-03 06:37:52', 678),
(190, '2005-09-03 09:12:30', 901),
(191, '2005-09-03 12:05:47', 234),
(192, '2005-09-03 15:42:28', 567),
(193, '2005-09-03 18:31:50', 890),
(194, '2005-09-03 21:10:22', 345),
(195, '2005-09-04 01:01:46', 678),
(196, '2005-09-04 03:42:14', 901),
(197, '2005-09-04 06:34:56', 234),
(198, '2005-09-04 09:15:37', 567),
(199, '2005-09-04 12:22:50', 890),
(200, '2005-09-04 15:05:28', 345),
(201, '2005-09-04 18:36:17', 678),
(202, '2005-09-04 21:58:29', 901),
(203, '2005-09-05 00:32:45', 234),
(204, '2005-09-05 03:18:05', 567),
(205, '2005-09-05 06:04:33', 890),
(206, '2005-09-05 08:39:27', 345),
(207, '2005-09-05 11:14:56', 678),
(208, '2005-09-05 14:27:13', 901),
(209, '2005-09-05 17:50:37', 234),
(210, '2005-09-05 20:22:19', 567),
(211, '2005-09-06 00:05:44', 890),
(212, '2005-09-06 03:36:56', 345),
(213, '2005-09-06 06:21:15', 678),
(214, '2005-09-06 09:42:29', 901),
(215, '2005-09-06 12:18:32', 234),
(216, '2005-09-06 15:03:45', 567),
(217, '2005-09-06 17:42:59', 890),
(218, '2005-09-06 20:13:31', 345),
(219, '2005-09-07 00:38:21', 678),
(220, '2005-09-07 03:05:43', 901),
(221, '2005-09-07 06:26:13', 234),
(222, '2005-09-07 09:15:42', 567),
(223, '2005-09-07 12:30:57', 890),
(224, '2005-09-07 15:14:01', 345),
(225, '2005-09-07 18:21:11', 678),
(226, '2005-09-07 21:05:38', 901),
(227, '2005-09-08 00:32:47', 234),
(228, '2005-09-08 03:07:18', 567),
(229, '2005-09-08 06:30:49', 890),
(230, '2005-09-08 09:52:34', 345),
(231, '2005-09-08 12:14:12', 678),
(232, '2005-09-08 15:03:47', 901),
(233, '2005-09-08 18:23:16', 234),
(234, '2005-09-08 21:01:45', 567),
(235, '2005-09-09 00:26:59', 890),
(236, '2005-09-09 03:07:43', 345),
(237, '2005-09-09 06:21:10', 678),
(238, '2005-09-09 09:15:57', 901),
(239, '2005-09-09 12:44:09', 234),
(240, '2005-09-09 15:32:25', 567),
(241, '2005-09-09 18:21:51', 890),
(242, '2005-09-09 21:12:47', 345),
(243, '2005-09-10 00:32:01', 678),
(244, '2005-09-10 03:15:34', 901),
(245, '2005-09-10 06:50:52', 234),
(246, '2005-09-10 09:38:29', 567),
(247, '2005-09-10 12:23:45', 890),
(248, '2005-09-10 15:14:01', 345),
(249, '2005-09-10 18:44:21', 678),
(250, '2005-09-10 21:17:53', 901),
(251, '2005-09-11 00:36:47', 234),
(252, '2005-09-11 03:21:38', 567),
(253, '2005-09-11 06:10:32', 890),
(254, '2005-09-11 09:32:45', 345),
(255, '2005-09-11 12:43:12', 678),
(256, '2005-09-11 15:24:17', 901),
(257, '2005-09-11 18:50:56', 234),
(258, '2005-09-11 21:05:49', 567),
(259, '2005-09-12 00:36:52', 890),
(260, '2005-09-12 03:22:14', 345),
(261, '2005-09-12 06:34:17', 678),
(262, '2005-09-12 09:43:08', 901),
(263, '2005-09-12 12:22:43', 234),
(264, '2005-09-12 15:15:29', 567),
(265, '2005-09-12 18:24:32', 890),
(266, '2005-09-12 21:03:51', 345),
(267, '2005-09-13 00:29:54', 678),
(268, '2005-09-13 03:10:35', 901),
(269, '2005-09-13 06:22:12', 234),
(270, '2005-09-13 09:13:26', 567),
(271, '2005-09-13 12:02:50', 890),
(272, '2005-09-13 15:03:07', 345),
(273, '2005-09-13 18:12:29', 678),
(274, '2005-09-13 21:34:50', 901),
(275, '2005-09-14 00:44:43', 234),
(276, '2005-09-14 03:05:56', 567),
(277, '2005-09-14 06:28:40', 890),
(278, '2005-09-14 09:22:56', 345),
(279, '2005-09-14 12:17:35', 678),
(280, '2005-09-14 15:03:02', 901),
(281, '2005-09-14 18:38:53', 234),
(282, '2005-09-14 21:00:17', 567),
(283, '2005-09-15 00:30:11', 890),
(284, '2005-09-15 03:12:29', 345),
(285, '2005-09-15 06:50:22', 678),
(286, '2005-09-15 09:30:42', 901),
(287, '2005-09-15 12:04:37', 234),
(288, '2005-09-15 15:23:41', 567),
(289, '2005-09-15 18:20:50', 890),
(290, '2005-09-15 21:32:18', 345),
(291, '2005-09-16 00:45:11', 678),
(292, '2005-09-16 03:16:47', 901),
(293, '2005-09-16 06:45:23', 234),
(294, '2005-09-16 09:22:55', 567),
(295, '2005-09-16 12:18:44', 890),
(296, '2005-09-16 15:07:29', 345),
(297, '2005-09-16 18:25:54', 678),
(298, '2005-09-16 21:12:10', 901),
(299, '2005-09-17 00:42:23', 234),
(300, '2005-09-17 03:32:45', 567),
(301, '2005-09-17 06:10:50', 890),
(302, '2005-09-17 09:05:41', 345),
(303, '2005-09-17 12:36:22', 678),
(304, '2005-09-17 15:20:12', 901),
(305, '2005-09-17 18:38:46', 234),
(306, '2005-09-17 21:22:14', 567),
(307, '2005-09-18 00:37:43', 890),
(308, '2005-09-18 03:30:14', 345),
(309, '2005-09-18 06:21:31', 678),
(310, '2005-09-18 09:04:55', 901),
(311, '2005-09-18 12:34:27', 234),
(312, '2005-09-18 15:07:22', 567),
(313, '2005-09-18 18:45:33', 890),
(314, '2005-09-18 21:22:37', 345),
(315, '2005-09-19 00:38:51', 678),
(316, '2005-09-19 03:15:20', 901),
(317, '2005-09-19 06:35:33', 234),
(318, '2005-09-19 09:12:50', 567),
(319, '2005-09-19 12:24:13', 890),
(320, '2005-09-19 15:05:24', 345),
(321, '2005-09-19 18:30:11', 678),
(322, '2005-09-19 21:06:40', 901),
(323, '2005-09-20 00:22:38', 234),
(324, '2005-09-20 03:00:12', 567),
(325, '2005-09-20 06:10:43', 890),
(326, '2005-09-20 09:35:22', 345),
(327, '2005-09-20 12:28:47', 678),
(328, '2005-09-20 15:20:11', 901),
(329, '2005-09-20 18:10:58', 234),
(330, '2005-09-20 21:30:46', 567),
(331, '2005-09-21 00:22:59', 890),
(332, '2005-09-21 03:11:18', 345),
(333, '2005-09-21 06:25:34', 678),
(334, '2005-09-21 09:30:59', 901),
(335, '2005-09-21 12:03:17', 234),
(336, '2005-09-21 15:31:14', 567),
(337, '2005-09-21 18:20:40', 890),
(338, '2005-09-21 21:04:05', 345),
(339, '2005-09-22 00:37:41', 678),
(340, '2005-09-22 03:11:44', 901),
(341, '2005-09-22 06:50:18', 234),
(342, '2005-09-22 09:24:33', 567),
(343, '2005-09-22 12:01:12', 890),
(344, '2005-09-22 15:32:46', 345),
(345, '2005-09-22 18:25:52', 678),
(346, '2005-09-22 21:14:18', 901),
(347, '2005-09-23 00:33:59', 234),
(348, '2005-09-23 03:16:52', 567),
(349, '2005-09-23 06:45:33', 890),
(350, '2005-09-23 09:20:31', 345),
(351, '2005-09-23 12:18:09', 678),
(352, '2005-09-23 15:32:56', 901),
(353, '2005-09-23 18:10:23', 234),
(354, '2005-09-23 21:04:42', 567),
(355, '2005-09-24 00:30:15', 890),
(356, '2005-09-24 03:15:56', 345),
(357, '2005-09-24 06:23:11', 678),
(358, '2005-09-24 09:56:53', 901),
(359, '2005-09-24 12:14:09', 234),
(360, '2005-09-24 15:30:59', 567),
(361, '2005-09-24 18:22:44', 890),
(362, '2005-09-24 21:04:35', 345),
(363, '2005-09-25 00:28:42', 678),
(364, '2005-09-25 03:04:21', 901),
(365, '2005-09-25 06:30:51', 234),
(366, '2005-09-25 09:23:34', 567),
(367, '2005-09-25 12:04:45', 890),
(368, '2005-09-25 15:36:50', 345),
(369, '2005-09-25 18:24:11', 678),
(370, '2005-09-25 21:16:25', 901),
(371, '2005-09-26 00:28:13', 234),
(372, '2005-09-26 03:18:27', 567),
(373, '2005-09-26 06:22:33', 890),
(374, '2005-09-26 09:04:31', 345),
(375, '2005-09-26 12:34:44', 678),
(376, '2005-09-26 15:05:29', 901),
(377, '2005-09-26 18:37:30', 234),
(378, '2005-09-26 21:12:22', 567),
(379, '2005-09-27 00:39:57', 890),
(380, '2005-09-27 03:25:44', 345),
(381, '2005-09-27 06:30:59', 678),
(382, '2005-09-27 09:18:11', 901),
(383, '2005-09-27 12:05:20', 234),
(384, '2005-09-27 15:32:42', 567),
(385, '2005-09-27 18:28:35', 890);
